<!-- DWF2XML 2.00.01 - Raisonance Dwarf information extractor -->
<aoffile Filename="QuickStart_STM32F103" dwarf="1">
 <modulelist>
  <module Name="C:\Elektronik\STM32 Stamp (STM32F103RET6)\3.5-inch ILI9320 Display\SSD2119_DSP_Demo_My_BACKUP\main.c" >
   <type Family="Base" Name="unsigned int" ID="37"/>
   <type Family="Base" Name="signed char" ID="44"/>
   <type Family="Base" Name="unsigned char" ID="51"/>
   <type Family="Base" Name="short int" ID="58"/>
   <type Family="Base" Name="short unsigned int" ID="65"/>
   <type Family="Base" Name="int" ID="72"/>
   <type Family="Base" Name="long long int" ID="79"/>
   <type Family="Base" Name="long long unsigned int" ID="86"/>
   <type Family="Base" Name="long int" ID="93"/>
   <type Family="Base" Name="long unsigned int" ID="103"/>
   <type Family="Base" Name="char" ID="110"/>
   <type Family="typedef" Name="IRQn_Type" Line="297" ID="436" toTI="117"/>
   <type Family="typedef" Name="uint8_t" Line="46" ID="448" toTI="51"/>
   <type Family="typedef" Name="uint16_t" Line="58" ID="459" toTI="65"/>
   <type Family="typedef" Name="uint32_t" Line="84" ID="470" toTI="103"/>
   <type Family="ComponentList" Line="135" ID="481">
   <type Family="array" ID="683" toTI="470"/>
    <Component Name="ISER" TI="490" Line="136" Offs="0"/>
   <type Family="array" ID="704" toTI="470"/>
    <Component Name="RESERVED0" TI="504" Line="137" Offs="32"/>
    <Component Name="ICER" TI="518" Line="138" Offs="128"/>
    <Component Name="RSERVED1" TI="533" Line="139" Offs="160"/>
    <Component Name="ISPR" TI="548" Line="140" Offs="256"/>
    <Component Name="RESERVED2" TI="563" Line="141" Offs="288"/>
    <Component Name="ICPR" TI="578" Line="142" Offs="384"/>
    <Component Name="RESERVED3" TI="593" Line="143" Offs="416"/>
    <Component Name="IABR" TI="608" Line="144" Offs="512"/>
   <type Family="array" ID="740" toTI="470"/>
    <Component Name="RESERVED4" TI="623" Line="145" Offs="544"/>
   <type Family="array" ID="756" toTI="448"/>
    <Component Name="IP" TI="638" Line="146" Offs="768"/>
   <type Family="array" ID="777" toTI="470"/>
    <Component Name="RESERVED5" TI="652" Line="147" Offs="1008"/>
    <Component Name="STIR" TI="667" Line="148" Offs="3584"/>
   </type>
   <type Family="ComponentList" Line="154" ID="799">
    <Component Name="CPUID" TI="807" Line="155" Offs="0"/>
    <Component Name="ICSR" TI="821" Line="156" Offs="4"/>
    <Component Name="VTOR" TI="835" Line="157" Offs="8"/>
    <Component Name="AIRCR" TI="849" Line="158" Offs="12"/>
    <Component Name="SCR" TI="863" Line="159" Offs="16"/>
    <Component Name="CCR" TI="877" Line="160" Offs="20"/>
   <type Family="array" ID="1079" toTI="448"/>
    <Component Name="SHP" TI="891" Line="161" Offs="24"/>
    <Component Name="SHCSR" TI="905" Line="162" Offs="36"/>
    <Component Name="CFSR" TI="919" Line="163" Offs="40"/>
    <Component Name="HFSR" TI="933" Line="164" Offs="44"/>
    <Component Name="DFSR" TI="947" Line="165" Offs="48"/>
    <Component Name="MMFAR" TI="961" Line="166" Offs="52"/>
    <Component Name="BFAR" TI="975" Line="167" Offs="56"/>
    <Component Name="AFSR" TI="989" Line="168" Offs="60"/>
   <type Family="array" ID="1100" toTI="470"/>
    <Component Name="PFR" TI="1003" Line="169" Offs="64"/>
    <Component Name="DFR" TI="1017" Line="170" Offs="72"/>
    <Component Name="ADR" TI="1031" Line="171" Offs="76"/>
   <type Family="array" ID="1126" toTI="470"/>
    <Component Name="MMFR" TI="1045" Line="172" Offs="80"/>
   <type Family="array" ID="1152" toTI="470"/>
    <Component Name="ISAR" TI="1059" Line="173" Offs="96"/>
   </type>
   <type Family="ComponentList" Line="179" ID="1178">
    <Component Name="CTRL" TI="1186" Line="180" Offs="0"/>
    <Component Name="LOAD" TI="1200" Line="181" Offs="4"/>
    <Component Name="VAL" TI="1214" Line="182" Offs="8"/>
    <Component Name="CALIB" TI="1228" Line="183" Offs="12"/>
   </type>
   <type Family="typedef" Name="u32" Line="328" ID="1243" toTI="470"/>
   <type Family="typedef" Name="u16" Line="329" ID="1255" toTI="459"/>
   <type Family="typedef" Name="u8" Line="330" ID="1267" toTI="448"/>
   <type Family="typedef" Name="FunctionalState" Line="350" ID="1327" toTI="1305"/>
   <type Family="typedef" Name="ErrorStatus" Line="353" ID="1361" toTI="1339"/>
   <type Family="ComponentList" Line="368" ID="1373">
    <Component Name="SR" TI="1382" Line="369" Offs="0"/>
    <Component Name="CR1" TI="1396" Line="370" Offs="4"/>
    <Component Name="CR2" TI="1411" Line="371" Offs="8"/>
    <Component Name="SMPR1" TI="1426" Line="372" Offs="12"/>
    <Component Name="SMPR2" TI="1441" Line="373" Offs="16"/>
    <Component Name="JOFR1" TI="1456" Line="374" Offs="20"/>
    <Component Name="JOFR2" TI="1471" Line="375" Offs="24"/>
    <Component Name="JOFR3" TI="1486" Line="376" Offs="28"/>
    <Component Name="JOFR4" TI="1501" Line="377" Offs="32"/>
    <Component Name="HTR" TI="1516" Line="378" Offs="36"/>
    <Component Name="LTR" TI="1531" Line="379" Offs="40"/>
    <Component Name="SQR1" TI="1546" Line="380" Offs="44"/>
    <Component Name="SQR2" TI="1561" Line="381" Offs="48"/>
    <Component Name="SQR3" TI="1576" Line="382" Offs="52"/>
    <Component Name="JSQR" TI="1591" Line="383" Offs="56"/>
    <Component Name="JDR1" TI="1606" Line="384" Offs="60"/>
    <Component Name="JDR2" TI="1621" Line="385" Offs="64"/>
    <Component Name="JDR3" TI="1636" Line="386" Offs="68"/>
    <Component Name="JDR4" TI="1651" Line="387" Offs="72"/>
    <Component Name="DR" TI="1666" Line="388" Offs="76"/>
   </type>
   <type Family="ComponentList" Line="802" ID="1681">
    <Component Name="CRL" TI="1690" Line="803" Offs="0"/>
    <Component Name="CRH" TI="1705" Line="804" Offs="4"/>
    <Component Name="IDR" TI="1720" Line="805" Offs="8"/>
    <Component Name="ODR" TI="1735" Line="806" Offs="12"/>
    <Component Name="BSRR" TI="1750" Line="807" Offs="16"/>
    <Component Name="BRR" TI="1765" Line="808" Offs="20"/>
    <Component Name="LCKR" TI="1780" Line="809" Offs="24"/>
   </type>
   <type Family="ComponentList" Line="50" ID="1796">
    <Component Name="ADC_Mode" TI="1804" Line="51" Offs="0"/>
    <Component Name="ADC_ScanConvMode" TI="1818" Line="55" Offs="4"/>
    <Component Name="ADC_ContinuousConvMode" TI="1832" Line="59" Offs="5"/>
    <Component Name="ADC_ExternalTrigConv" TI="1846" Line="63" Offs="8"/>
    <Component Name="ADC_DataAlign" TI="1860" Line="67" Offs="12"/>
    <Component Name="ADC_NbrOfChannel" TI="1874" Line="70" Offs="16"/>
   </type>
   <type Family="typedef" Name="ADC_InitTypeDef" Line="73" ID="1889" toTI="1796"/>
   <type Family="typedef" Name="GPIOSpeed_TypeDef" Line="62" ID="1927" toTI="1900"/>
   <type Family="typedef" Name="GPIOMode_TypeDef" Line="79" ID="1996" toTI="1938"/>
   <type Family="ComponentList" Line="91" ID="2007">
    <Component Name="GPIO_Pin" TI="2015" Line="92" Offs="0"/>
    <Component Name="GPIO_Speed" TI="2029" Line="95" Offs="2"/>
    <Component Name="GPIO_Mode" TI="2043" Line="98" Offs="3"/>
   </type>
   <type Family="typedef" Name="GPIO_InitTypeDef" Line="100" ID="2058" toTI="2007"/>
   <type Family="Base" Name="double" ID="2069"/>
   <type Family="Base" Name="float" ID="2076"/>
   <type Family="Base" Name="long double" ID="2083"/>
   <function Name="TimingDelay_Decrement" TI="0" FileName="C:\Elektronik\STM32 Stamp (STM32F103RET6)\3.5-inch ILI9320 Display\SSD2119_DSP_Demo_My_BACKUP\main.c" Line="366">
   </function >
   <function Name="NVIC_Configuration" TI="0" FileName="C:\Elektronik\STM32 Stamp (STM32F103RET6)\3.5-inch ILI9320 Display\SSD2119_DSP_Demo_My_BACKUP\main.c" Line="341">
   </function >
   <function Name="ADC_Configuration" TI="0" FileName="C:\Elektronik\STM32 Stamp (STM32F103RET6)\3.5-inch ILI9320 Display\SSD2119_DSP_Demo_My_BACKUP\main.c" Line="300">
   </function >
   <function Name="GPIO_Configuration" TI="0" FileName="C:\Elektronik\STM32 Stamp (STM32F103RET6)\3.5-inch ILI9320 Display\SSD2119_DSP_Demo_My_BACKUP\main.c" Line="283">
    <variable Name="GPIO_InitStructure" FileName="C:\Elektronik\STM32 Stamp (STM32F103RET6)\3.5-inch ILI9320 Display\SSD2119_DSP_Demo_My_BACKUP\main.c" Line="284" Addr="0x34000004" TI="2058"/>
   </function >
   <function Name="RCC_Configuration" TI="0" FileName="C:\Elektronik\STM32 Stamp (STM32F103RET6)\3.5-inch ILI9320 Display\SSD2119_DSP_Demo_My_BACKUP\main.c" Line="221">
   </function >
   <type Family="Pointer" TI="2551" toTI="93"/>
   <type Family="array" ID="2557" toTI="93"/>
   <function Name="GetSamples" TI="1255" FileName="C:\Elektronik\STM32 Stamp (STM32F103RET6)\3.5-inch ILI9320 Display\SSD2119_DSP_Demo_My_BACKUP\main.c" Line="154">
    <variable Name="OldTimingDelay" FileName="C:\Elektronik\STM32 Stamp (STM32F103RET6)\3.5-inch ILI9320 Display\SSD2119_DSP_Demo_My_BACKUP\main.c" Line="157" Addr="0x2" TI="1243"/>
   </function >
   <function Name="main" TI="72" FileName="C:\Elektronik\STM32 Stamp (STM32F103RET6)\3.5-inch ILI9320 Display\SSD2119_DSP_Demo_My_BACKUP\main.c" Line="78">
    <variable Name="ScaledSineValue" FileName="C:\Elektronik\STM32 Stamp (STM32F103RET6)\3.5-inch ILI9320 Display\SSD2119_DSP_Demo_My_BACKUP\main.c" Line="106" Addr="0x1" TI="1267"/>
   </function >
   <variable Name="TimingDelay" FileName="C:\Elektronik\STM32 Stamp (STM32F103RET6)\3.5-inch ILI9320 Display\SSD2119_DSP_Demo_My_BACKUP\main.c" Line="46" Addr="0x20000504" TI="794"/>
   <type Family="array" ID="2817" toTI="93"/>
   <variable Name="SampleBuffer" FileName="C:\Elektronik\STM32 Stamp (STM32F103RET6)\3.5-inch ILI9320 Display\SSD2119_DSP_Demo_My_BACKUP\main.c" Line="30" Addr="0x20000570" TI="2817"/>
   <variable Name="HSEStartUpStatus" FileName="C:\Elektronik\STM32 Stamp (STM32F103RET6)\3.5-inch ILI9320 Display\SSD2119_DSP_Demo_My_BACKUP\main.c" Line="38" Addr="0x20000540" TI="1361"/>
   <variable Name="ADC_InitStructure" FileName="C:\Elektronik\STM32 Stamp (STM32F103RET6)\3.5-inch ILI9320 Display\SSD2119_DSP_Demo_My_BACKUP\main.c" Line="39" Addr="0x20000A78" TI="1889"/>
   <variable Name="TouchX" FileName="C:\Elektronik\STM32 Stamp (STM32F103RET6)\3.5-inch ILI9320 Display\SSD2119_DSP_Demo_My_BACKUP\main.c" Line="60" Addr="0x20000A90" TI="72"/>
   <variable Name="TouchY" FileName="C:\Elektronik\STM32 Stamp (STM32F103RET6)\3.5-inch ILI9320 Display\SSD2119_DSP_Demo_My_BACKUP\main.c" Line="60" Addr="0x2000056C" TI="72"/>
   <type Family="array" ID="2924" toTI="51"/>
   <variable Name="string_tmp" FileName="C:\Elektronik\STM32 Stamp (STM32F103RET6)\3.5-inch ILI9320 Display\SSD2119_DSP_Demo_My_BACKUP\main.c" Line="62" Addr="0x20000541" TI="2924"/>
   <variable Name="i" FileName="C:\Elektronik\STM32 Stamp (STM32F103RET6)\3.5-inch ILI9320 Display\SSD2119_DSP_Demo_My_BACKUP\main.c" Line="63" Addr="0x20000A8C" TI="1255"/>
  </module>
  <module Name="C:\Elektronik\STM32 Stamp (STM32F103RET6)\3.5-inch ILI9320 Display\SSD2119_DSP_Demo_My_BACKUP\inc\misc.c" >
   <type Family="Base" Name="signed char" ID="3016"/>
   <type Family="Base" Name="unsigned char" ID="3034"/>
   <type Family="typedef" Name="uint8_t" Line="46" ID="3023" toTI="3034"/>
   <type Family="Base" Name="short int" ID="3041"/>
   <type Family="Base" Name="short unsigned int" ID="3048"/>
   <type Family="Base" Name="long int" ID="3055"/>
   <type Family="Base" Name="long unsigned int" ID="3073"/>
   <type Family="typedef" Name="uint32_t" Line="84" ID="3062" toTI="3073"/>
   <type Family="Base" Name="long long int" ID="3080"/>
   <type Family="Base" Name="long long unsigned int" ID="3087"/>
   <type Family="Base" Name="int" ID="3094"/>
   <type Family="Base" Name="unsigned int" ID="3101"/>
   <type Family="ComponentList" Line="135" ID="3108">
   <type Family="array" ID="3310" toTI="3062"/>
    <Component Name="ISER" TI="3117" Line="136" Offs="0"/>
   <type Family="array" ID="3334" toTI="3062"/>
    <Component Name="RESERVED0" TI="3131" Line="137" Offs="32"/>
    <Component Name="ICER" TI="3145" Line="138" Offs="128"/>
    <Component Name="RSERVED1" TI="3160" Line="139" Offs="160"/>
    <Component Name="ISPR" TI="3175" Line="140" Offs="256"/>
    <Component Name="RESERVED2" TI="3190" Line="141" Offs="288"/>
    <Component Name="ICPR" TI="3205" Line="142" Offs="384"/>
    <Component Name="RESERVED3" TI="3220" Line="143" Offs="416"/>
    <Component Name="IABR" TI="3235" Line="144" Offs="512"/>
   <type Family="array" ID="3370" toTI="3062"/>
    <Component Name="RESERVED4" TI="3250" Line="145" Offs="544"/>
   <type Family="array" ID="3386" toTI="3023"/>
    <Component Name="IP" TI="3265" Line="146" Offs="768"/>
   <type Family="array" ID="3407" toTI="3062"/>
    <Component Name="RESERVED5" TI="3279" Line="147" Offs="1008"/>
    <Component Name="STIR" TI="3294" Line="148" Offs="3584"/>
   </type>
   <type Family="ComponentList" Line="154" ID="3429">
    <Component Name="CPUID" TI="3437" Line="155" Offs="0"/>
    <Component Name="ICSR" TI="3451" Line="156" Offs="4"/>
    <Component Name="VTOR" TI="3465" Line="157" Offs="8"/>
    <Component Name="AIRCR" TI="3479" Line="158" Offs="12"/>
    <Component Name="SCR" TI="3493" Line="159" Offs="16"/>
    <Component Name="CCR" TI="3507" Line="160" Offs="20"/>
   <type Family="array" ID="3709" toTI="3023"/>
    <Component Name="SHP" TI="3521" Line="161" Offs="24"/>
    <Component Name="SHCSR" TI="3535" Line="162" Offs="36"/>
    <Component Name="CFSR" TI="3549" Line="163" Offs="40"/>
    <Component Name="HFSR" TI="3563" Line="164" Offs="44"/>
    <Component Name="DFSR" TI="3577" Line="165" Offs="48"/>
    <Component Name="MMFAR" TI="3591" Line="166" Offs="52"/>
    <Component Name="BFAR" TI="3605" Line="167" Offs="56"/>
    <Component Name="AFSR" TI="3619" Line="168" Offs="60"/>
   <type Family="array" ID="3730" toTI="3062"/>
    <Component Name="PFR" TI="3633" Line="169" Offs="64"/>
    <Component Name="DFR" TI="3647" Line="170" Offs="72"/>
    <Component Name="ADR" TI="3661" Line="171" Offs="76"/>
   <type Family="array" ID="3756" toTI="3062"/>
    <Component Name="MMFR" TI="3675" Line="172" Offs="80"/>
   <type Family="array" ID="3782" toTI="3062"/>
    <Component Name="ISAR" TI="3689" Line="173" Offs="96"/>
   </type>
   <type Family="ComponentList" Line="179" ID="3808">
    <Component Name="CTRL" TI="3816" Line="180" Offs="0"/>
    <Component Name="LOAD" TI="3830" Line="181" Offs="4"/>
    <Component Name="VAL" TI="3844" Line="182" Offs="8"/>
    <Component Name="CALIB" TI="3858" Line="183" Offs="12"/>
   </type>
   <type Family="typedef" Name="FunctionalState" Line="350" ID="3895" toTI="3873"/>
   <type Family="ComponentList" Line="50" ID="3907">
    <Component Name="NVIC_IRQChannel" TI="3915" Line="51" Offs="0"/>
    <Component Name="NVIC_IRQChannelPreemptionPriority" TI="3929" Line="56" Offs="1"/>
    <Component Name="NVIC_IRQChannelSubPriority" TI="3943" Line="60" Offs="2"/>
    <Component Name="NVIC_IRQChannelCmd" TI="3957" Line="64" Offs="3"/>
   </type>
   <type Family="typedef" Name="NVIC_InitTypeDef" Line="67" ID="3972" toTI="3907"/>
   <type Family="Pointer" TI="4098" toTI="3972"/>
   <function Name="NVIC_SetVectorTable" TI="0" FileName="C:\Elektronik\STM32 Stamp (STM32F103RET6)\3.5-inch ILI9320 Display\SSD2119_DSP_Demo_My_BACKUP\inc\misc.c" Line="155">
    <parameter Name="NVIC_VectTab" TI="3062" FileName="C:\Elektronik\STM32 Stamp (STM32F103RET6)\3.5-inch ILI9320 Display\SSD2119_DSP_Demo_My_BACKUP\inc\misc.c" Line="155" Addr="0x0" Param="Yes"/>
    <parameter Name="Offset" TI="3062" FileName="C:\Elektronik\STM32 Stamp (STM32F103RET6)\3.5-inch ILI9320 Display\SSD2119_DSP_Demo_My_BACKUP\inc\misc.c" Line="155" Addr="0x1" Param="Yes"/>
   </function >
  </module>
  <module Name="C:\Elektronik\STM32 Stamp (STM32F103RET6)\3.5-inch ILI9320 Display\SSD2119_DSP_Demo_My_BACKUP\inc\stm32f10x_adc.c" >
   <type Family="Base" Name="signed char" ID="4283"/>
   <type Family="Base" Name="unsigned char" ID="4301"/>
   <type Family="typedef" Name="uint8_t" Line="46" ID="4290" toTI="4301"/>
   <type Family="Base" Name="short int" ID="4308"/>
   <type Family="Base" Name="short unsigned int" ID="4326"/>
   <type Family="typedef" Name="uint16_t" Line="58" ID="4315" toTI="4326"/>
   <type Family="Base" Name="long int" ID="4333"/>
   <type Family="Base" Name="long unsigned int" ID="4351"/>
   <type Family="typedef" Name="uint32_t" Line="84" ID="4340" toTI="4351"/>
   <type Family="Base" Name="long long int" ID="4358"/>
   <type Family="Base" Name="long long unsigned int" ID="4365"/>
   <type Family="Base" Name="int" ID="4372"/>
   <type Family="Base" Name="unsigned int" ID="4379"/>
   <type Family="typedef" Name="FlagStatus" Line="348" ID="4416" toTI="4394"/>
   <type Family="typedef" Name="ITStatus" Line="348" ID="4428" toTI="4394"/>
   <type Family="typedef" Name="FunctionalState" Line="350" ID="4462" toTI="4440"/>
   <type Family="ComponentList" Line="368" ID="4474">
    <Component Name="SR" TI="4483" Line="369" Offs="0"/>
    <Component Name="CR1" TI="4497" Line="370" Offs="4"/>
    <Component Name="CR2" TI="4512" Line="371" Offs="8"/>
    <Component Name="SMPR1" TI="4527" Line="372" Offs="12"/>
    <Component Name="SMPR2" TI="4542" Line="373" Offs="16"/>
    <Component Name="JOFR1" TI="4557" Line="374" Offs="20"/>
    <Component Name="JOFR2" TI="4572" Line="375" Offs="24"/>
    <Component Name="JOFR3" TI="4587" Line="376" Offs="28"/>
    <Component Name="JOFR4" TI="4602" Line="377" Offs="32"/>
    <Component Name="HTR" TI="4617" Line="378" Offs="36"/>
    <Component Name="LTR" TI="4632" Line="379" Offs="40"/>
    <Component Name="SQR1" TI="4647" Line="380" Offs="44"/>
    <Component Name="SQR2" TI="4662" Line="381" Offs="48"/>
    <Component Name="SQR3" TI="4677" Line="382" Offs="52"/>
    <Component Name="JSQR" TI="4692" Line="383" Offs="56"/>
    <Component Name="JDR1" TI="4707" Line="384" Offs="60"/>
    <Component Name="JDR2" TI="4722" Line="385" Offs="64"/>
    <Component Name="JDR3" TI="4737" Line="386" Offs="68"/>
    <Component Name="JDR4" TI="4752" Line="387" Offs="72"/>
    <Component Name="DR" TI="4767" Line="388" Offs="76"/>
   </type>
   <type Family="typedef" Name="ADC_TypeDef" Line="389" ID="4782" toTI="4474"/>
   <type Family="ComponentList" Line="50" ID="4794">
    <Component Name="ADC_Mode" TI="4802" Line="51" Offs="0"/>
    <Component Name="ADC_ScanConvMode" TI="4816" Line="55" Offs="4"/>
    <Component Name="ADC_ContinuousConvMode" TI="4830" Line="59" Offs="5"/>
    <Component Name="ADC_ExternalTrigConv" TI="4844" Line="63" Offs="8"/>
    <Component Name="ADC_DataAlign" TI="4858" Line="67" Offs="12"/>
    <Component Name="ADC_NbrOfChannel" TI="4872" Line="70" Offs="16"/>
   </type>
   <type Family="typedef" Name="ADC_InitTypeDef" Line="73" ID="4887" toTI="4794"/>
   <function Name="ADC_Init" TI="0" FileName="C:\Elektronik\STM32 Stamp (STM32F103RET6)\3.5-inch ILI9320 Display\SSD2119_DSP_Demo_My_BACKUP\inc\stm32f10x_adc.c" Line="218">
   <type Family="Pointer" TI="4976" toTI="4782"/>
    <parameter Name="ADCx" TI="4976" FileName="C:\Elektronik\STM32 Stamp (STM32F103RET6)\3.5-inch ILI9320 Display\SSD2119_DSP_Demo_My_BACKUP\inc\stm32f10x_adc.c" Line="218" Addr="0x0" Param="Yes"/>
   <type Family="Pointer" TI="4982" toTI="4887"/>
    <parameter Name="ADC_InitStruct" TI="4982" FileName="C:\Elektronik\STM32 Stamp (STM32F103RET6)\3.5-inch ILI9320 Display\SSD2119_DSP_Demo_My_BACKUP\inc\stm32f10x_adc.c" Line="218" Addr="0x1" Param="Yes"/>
    <variable Name="tmpreg1" FileName="C:\Elektronik\STM32 Stamp (STM32F103RET6)\3.5-inch ILI9320 Display\SSD2119_DSP_Demo_My_BACKUP\inc\stm32f10x_adc.c" Line="219" Addr="0x2" TI="4340"/>
   </function >
   <function Name="ADC_Cmd" TI="0" FileName="C:\Elektronik\STM32 Stamp (STM32F103RET6)\3.5-inch ILI9320 Display\SSD2119_DSP_Demo_My_BACKUP\inc\stm32f10x_adc.c" Line="299">
    <parameter Name="ADCx" TI="4976" FileName="C:\Elektronik\STM32 Stamp (STM32F103RET6)\3.5-inch ILI9320 Display\SSD2119_DSP_Demo_My_BACKUP\inc\stm32f10x_adc.c" Line="299" Addr="0x0" Param="Yes"/>
    <parameter Name="NewState" TI="4462" FileName="C:\Elektronik\STM32 Stamp (STM32F103RET6)\3.5-inch ILI9320 Display\SSD2119_DSP_Demo_My_BACKUP\inc\stm32f10x_adc.c" Line="299" Addr="0x1" Param="Yes"/>
   </function >
   <function Name="ADC_ResetCalibration" TI="0" FileName="C:\Elektronik\STM32 Stamp (STM32F103RET6)\3.5-inch ILI9320 Display\SSD2119_DSP_Demo_My_BACKUP\inc\stm32f10x_adc.c" Line="379">
    <parameter Name="ADCx" TI="4976" FileName="C:\Elektronik\STM32 Stamp (STM32F103RET6)\3.5-inch ILI9320 Display\SSD2119_DSP_Demo_My_BACKUP\inc\stm32f10x_adc.c" Line="379" Addr="0x0" Param="Yes"/>
   </function >
   <function Name="ADC_GetResetCalibrationStatus" TI="4416" FileName="C:\Elektronik\STM32 Stamp (STM32F103RET6)\3.5-inch ILI9320 Display\SSD2119_DSP_Demo_My_BACKUP\inc\stm32f10x_adc.c" Line="392">
    <parameter Name="ADCx" TI="4976" FileName="C:\Elektronik\STM32 Stamp (STM32F103RET6)\3.5-inch ILI9320 Display\SSD2119_DSP_Demo_My_BACKUP\inc\stm32f10x_adc.c" Line="392" Addr="0x0" Param="Yes"/>
   </function >
   <function Name="ADC_StartCalibration" TI="0" FileName="C:\Elektronik\STM32 Stamp (STM32F103RET6)\3.5-inch ILI9320 Display\SSD2119_DSP_Demo_My_BACKUP\inc\stm32f10x_adc.c" Line="417">
    <parameter Name="ADCx" TI="4976" FileName="C:\Elektronik\STM32 Stamp (STM32F103RET6)\3.5-inch ILI9320 Display\SSD2119_DSP_Demo_My_BACKUP\inc\stm32f10x_adc.c" Line="417" Addr="0x0" Param="Yes"/>
   </function >
   <function Name="ADC_GetCalibrationStatus" TI="4416" FileName="C:\Elektronik\STM32 Stamp (STM32F103RET6)\3.5-inch ILI9320 Display\SSD2119_DSP_Demo_My_BACKUP\inc\stm32f10x_adc.c" Line="430">
    <parameter Name="ADCx" TI="4976" FileName="C:\Elektronik\STM32 Stamp (STM32F103RET6)\3.5-inch ILI9320 Display\SSD2119_DSP_Demo_My_BACKUP\inc\stm32f10x_adc.c" Line="430" Addr="0x0" Param="Yes"/>
   </function >
   <function Name="ADC_SoftwareStartConvCmd" TI="0" FileName="C:\Elektronik\STM32 Stamp (STM32F103RET6)\3.5-inch ILI9320 Display\SSD2119_DSP_Demo_My_BACKUP\inc\stm32f10x_adc.c" Line="457">
    <parameter Name="ADCx" TI="4976" FileName="C:\Elektronik\STM32 Stamp (STM32F103RET6)\3.5-inch ILI9320 Display\SSD2119_DSP_Demo_My_BACKUP\inc\stm32f10x_adc.c" Line="457" Addr="0x0" Param="Yes"/>
    <parameter Name="NewState" TI="4462" FileName="C:\Elektronik\STM32 Stamp (STM32F103RET6)\3.5-inch ILI9320 Display\SSD2119_DSP_Demo_My_BACKUP\inc\stm32f10x_adc.c" Line="457" Addr="0x1" Param="Yes"/>
   </function >
   <function Name="ADC_GetSoftwareStartConvStatus" TI="4416" FileName="C:\Elektronik\STM32 Stamp (STM32F103RET6)\3.5-inch ILI9320 Display\SSD2119_DSP_Demo_My_BACKUP\inc\stm32f10x_adc.c" Line="481">
    <parameter Name="ADCx" TI="4976" FileName="C:\Elektronik\STM32 Stamp (STM32F103RET6)\3.5-inch ILI9320 Display\SSD2119_DSP_Demo_My_BACKUP\inc\stm32f10x_adc.c" Line="481" Addr="0x0" Param="Yes"/>
   </function >
   <function Name="ADC_RegularChannelConfig" TI="0" FileName="C:\Elektronik\STM32 Stamp (STM32F103RET6)\3.5-inch ILI9320 Display\SSD2119_DSP_Demo_My_BACKUP\inc\stm32f10x_adc.c" Line="590">
    <parameter Name="ADCx" TI="4976" FileName="C:\Elektronik\STM32 Stamp (STM32F103RET6)\3.5-inch ILI9320 Display\SSD2119_DSP_Demo_My_BACKUP\inc\stm32f10x_adc.c" Line="590" Addr="0x0" Param="Yes"/>
    <parameter Name="ADC_Channel" TI="4290" FileName="C:\Elektronik\STM32 Stamp (STM32F103RET6)\3.5-inch ILI9320 Display\SSD2119_DSP_Demo_My_BACKUP\inc\stm32f10x_adc.c" Line="590" Addr="0x1" Param="Yes"/>
    <parameter Name="Rank" TI="4290" FileName="C:\Elektronik\STM32 Stamp (STM32F103RET6)\3.5-inch ILI9320 Display\SSD2119_DSP_Demo_My_BACKUP\inc\stm32f10x_adc.c" Line="590" Addr="0x2" Param="Yes"/>
    <parameter Name="ADC_SampleTime" TI="4290" FileName="C:\Elektronik\STM32 Stamp (STM32F103RET6)\3.5-inch ILI9320 Display\SSD2119_DSP_Demo_My_BACKUP\inc\stm32f10x_adc.c" Line="590" Addr="0x3" Param="Yes"/>
    <variable Name="tmpreg1" FileName="C:\Elektronik\STM32 Stamp (STM32F103RET6)\3.5-inch ILI9320 Display\SSD2119_DSP_Demo_My_BACKUP\inc\stm32f10x_adc.c" Line="591" Addr="0x1" TI="4340"/>
   </function >
   <function Name="ADC_GetConversionValue" TI="4315" FileName="C:\Elektronik\STM32 Stamp (STM32F103RET6)\3.5-inch ILI9320 Display\SSD2119_DSP_Demo_My_BACKUP\inc\stm32f10x_adc.c" Line="708">
    <parameter Name="ADCx" TI="4976" FileName="C:\Elektronik\STM32 Stamp (STM32F103RET6)\3.5-inch ILI9320 Display\SSD2119_DSP_Demo_My_BACKUP\inc\stm32f10x_adc.c" Line="708" Addr="0x0" Param="Yes"/>
   </function >
  </module>
  <module Name="C:\Elektronik\STM32 Stamp (STM32F103RET6)\3.5-inch ILI9320 Display\SSD2119_DSP_Demo_My_BACKUP\inc\stm32f10x_flash.c" >
   <type Family="Base" Name="signed char" ID="7230"/>
   <type Family="Base" Name="unsigned char" ID="7248"/>
   <type Family="typedef" Name="uint8_t" Line="46" ID="7237" toTI="7248"/>
   <type Family="Base" Name="short int" ID="7255"/>
   <type Family="Base" Name="short unsigned int" ID="7273"/>
   <type Family="typedef" Name="uint16_t" Line="58" ID="7262" toTI="7273"/>
   <type Family="Base" Name="long int" ID="7280"/>
   <type Family="Base" Name="long unsigned int" ID="7298"/>
   <type Family="typedef" Name="uint32_t" Line="84" ID="7287" toTI="7298"/>
   <type Family="Base" Name="long long int" ID="7305"/>
   <type Family="Base" Name="long long unsigned int" ID="7312"/>
   <type Family="Base" Name="int" ID="7319"/>
   <type Family="Base" Name="unsigned int" ID="7326"/>
   <type Family="typedef" Name="FlagStatus" Line="348" ID="7368" toTI="7346"/>
   <type Family="typedef" Name="FunctionalState" Line="350" ID="7402" toTI="7380"/>
   <type Family="ComponentList" Line="710" ID="7414">
    <Component Name="ACR" TI="7423" Line="711" Offs="0"/>
    <Component Name="KEYR" TI="7438" Line="712" Offs="4"/>
    <Component Name="OPTKEYR" TI="7453" Line="713" Offs="8"/>
    <Component Name="SR" TI="7468" Line="714" Offs="12"/>
    <Component Name="CR" TI="7482" Line="715" Offs="16"/>
    <Component Name="AR" TI="7496" Line="716" Offs="20"/>
    <Component Name="RESERVED" TI="7510" Line="717" Offs="24"/>
    <Component Name="OBR" TI="7525" Line="718" Offs="28"/>
    <Component Name="WRPR" TI="7540" Line="719" Offs="32"/>
   </type>
   <type Family="ComponentList" Line="727" ID="7556">
    <Component Name="RDP" TI="7565" Line="728" Offs="0"/>
    <Component Name="USER" TI="7580" Line="729" Offs="2"/>
    <Component Name="Data0" TI="7595" Line="730" Offs="4"/>
    <Component Name="Data1" TI="7610" Line="731" Offs="6"/>
    <Component Name="WRP0" TI="7625" Line="732" Offs="8"/>
    <Component Name="WRP1" TI="7640" Line="733" Offs="10"/>
    <Component Name="WRP2" TI="7655" Line="734" Offs="12"/>
    <Component Name="WRP3" TI="7670" Line="735" Offs="14"/>
   </type>
   <type Family="typedef" Name="FLASH_Status" Line="56" ID="7725" toTI="7686"/>
   <function Name="FLASH_SetLatency" TI="0" FileName="C:\Elektronik\STM32 Stamp (STM32F103RET6)\3.5-inch ILI9320 Display\SSD2119_DSP_Demo_My_BACKUP\inc\stm32f10x_flash.c" Line="126">
    <parameter Name="FLASH_Latency" TI="7287" FileName="C:\Elektronik\STM32 Stamp (STM32F103RET6)\3.5-inch ILI9320 Display\SSD2119_DSP_Demo_My_BACKUP\inc\stm32f10x_flash.c" Line="126" Addr="0x0" Param="Yes"/>
    <variable Name="tmpreg" FileName="C:\Elektronik\STM32 Stamp (STM32F103RET6)\3.5-inch ILI9320 Display\SSD2119_DSP_Demo_My_BACKUP\inc\stm32f10x_flash.c" Line="127" Addr="0x2" TI="7287"/>
   </function >
   <function Name="FLASH_PrefetchBufferCmd" TI="0" FileName="C:\Elektronik\STM32 Stamp (STM32F103RET6)\3.5-inch ILI9320 Display\SSD2119_DSP_Demo_My_BACKUP\inc\stm32f10x_flash.c" Line="170">
    <parameter Name="FLASH_PrefetchBuffer" TI="7287" FileName="C:\Elektronik\STM32 Stamp (STM32F103RET6)\3.5-inch ILI9320 Display\SSD2119_DSP_Demo_My_BACKUP\inc\stm32f10x_flash.c" Line="170" Addr="0x0" Param="Yes"/>
   </function >
  </module>
  <module Name="C:\Elektronik\STM32 Stamp (STM32F103RET6)\3.5-inch ILI9320 Display\SSD2119_DSP_Demo_My_BACKUP\inc\stm32f10x_gpio.c" >
   <type Family="Base" Name="signed char" ID="9088"/>
   <type Family="Base" Name="unsigned char" ID="9106"/>
   <type Family="typedef" Name="uint8_t" Line="46" ID="9095" toTI="9106"/>
   <type Family="Base" Name="short int" ID="9113"/>
   <type Family="Base" Name="short unsigned int" ID="9131"/>
   <type Family="typedef" Name="uint16_t" Line="58" ID="9120" toTI="9131"/>
   <type Family="Base" Name="long int" ID="9138"/>
   <type Family="Base" Name="long unsigned int" ID="9156"/>
   <type Family="typedef" Name="uint32_t" Line="84" ID="9145" toTI="9156"/>
   <type Family="Base" Name="long long int" ID="9163"/>
   <type Family="Base" Name="long long unsigned int" ID="9170"/>
   <type Family="Base" Name="int" ID="9177"/>
   <type Family="Base" Name="unsigned int" ID="9184"/>
   <type Family="array" ID="9199" toTI="9145"/>
   <type Family="typedef" Name="FunctionalState" Line="350" ID="9237" toTI="9215"/>
   <type Family="ComponentList" Line="802" ID="9249">
    <Component Name="CRL" TI="9258" Line="803" Offs="0"/>
    <Component Name="CRH" TI="9273" Line="804" Offs="4"/>
    <Component Name="IDR" TI="9288" Line="805" Offs="8"/>
    <Component Name="ODR" TI="9303" Line="806" Offs="12"/>
    <Component Name="BSRR" TI="9318" Line="807" Offs="16"/>
    <Component Name="BRR" TI="9333" Line="808" Offs="20"/>
    <Component Name="LCKR" TI="9348" Line="809" Offs="24"/>
   </type>
   <type Family="typedef" Name="GPIO_TypeDef" Line="810" ID="9364" toTI="9249"/>
   <type Family="ComponentList" Line="817" ID="9376">
    <Component Name="EVCR" TI="9385" Line="818" Offs="0"/>
    <Component Name="MAPR" TI="9400" Line="819" Offs="4"/>
    <Component Name="EXTICR" TI="9415" Line="820" Offs="8"/>
   </type>
   <type Family="typedef" Name="GPIOSpeed_TypeDef" Line="62" ID="9463" toTI="9436"/>
   <type Family="typedef" Name="GPIOMode_TypeDef" Line="79" ID="9532" toTI="9474"/>
   <type Family="ComponentList" Line="91" ID="9543">
    <Component Name="GPIO_Pin" TI="9551" Line="92" Offs="0"/>
    <Component Name="GPIO_Speed" TI="9565" Line="95" Offs="2"/>
    <Component Name="GPIO_Mode" TI="9579" Line="98" Offs="3"/>
   </type>
   <type Family="typedef" Name="GPIO_InitTypeDef" Line="100" ID="9594" toTI="9543"/>
   <type Family="typedef" Name="BitAction" Line="110" ID="9626" toTI="9605"/>
   <function Name="GPIO_Init" TI="0" FileName="C:\Elektronik\STM32 Stamp (STM32F103RET6)\3.5-inch ILI9320 Display\SSD2119_DSP_Demo_My_BACKUP\inc\stm32f10x_gpio.c" Line="173">
   <type Family="Pointer" TI="9775" toTI="9364"/>
    <parameter Name="GPIOx" TI="9775" FileName="C:\Elektronik\STM32 Stamp (STM32F103RET6)\3.5-inch ILI9320 Display\SSD2119_DSP_Demo_My_BACKUP\inc\stm32f10x_gpio.c" Line="173" Addr="0x0" Param="Yes"/>
   <type Family="Pointer" TI="9781" toTI="9594"/>
    <parameter Name="GPIO_InitStruct" TI="9781" FileName="C:\Elektronik\STM32 Stamp (STM32F103RET6)\3.5-inch ILI9320 Display\SSD2119_DSP_Demo_My_BACKUP\inc\stm32f10x_gpio.c" Line="173" Addr="0x1" Param="Yes"/>
    <variable Name="currentmode" FileName="C:\Elektronik\STM32 Stamp (STM32F103RET6)\3.5-inch ILI9320 Display\SSD2119_DSP_Demo_My_BACKUP\inc\stm32f10x_gpio.c" Line="174" Addr="0x7" TI="9145"/>
    <variable Name="currentpin" FileName="C:\Elektronik\STM32 Stamp (STM32F103RET6)\3.5-inch ILI9320 Display\SSD2119_DSP_Demo_My_BACKUP\inc\stm32f10x_gpio.c" Line="174" Addr="0x1" TI="9145"/>
    <variable Name="pinpos" FileName="C:\Elektronik\STM32 Stamp (STM32F103RET6)\3.5-inch ILI9320 Display\SSD2119_DSP_Demo_My_BACKUP\inc\stm32f10x_gpio.c" Line="174" Addr="0xC" TI="9145"/>
    <variable Name="pos" FileName="C:\Elektronik\STM32 Stamp (STM32F103RET6)\3.5-inch ILI9320 Display\SSD2119_DSP_Demo_My_BACKUP\inc\stm32f10x_gpio.c" Line="174" Addr="0x2" TI="9145"/>
    <variable Name="tmpreg" FileName="C:\Elektronik\STM32 Stamp (STM32F103RET6)\3.5-inch ILI9320 Display\SSD2119_DSP_Demo_My_BACKUP\inc\stm32f10x_gpio.c" Line="175" Addr="0x4" TI="9145"/>
   </function >
   <function Name="GPIO_ReadInputDataBit" TI="9095" FileName="C:\Elektronik\STM32 Stamp (STM32F103RET6)\3.5-inch ILI9320 Display\SSD2119_DSP_Demo_My_BACKUP\inc\stm32f10x_gpio.c" Line="281">
    <parameter Name="GPIOx" TI="9775" FileName="C:\Elektronik\STM32 Stamp (STM32F103RET6)\3.5-inch ILI9320 Display\SSD2119_DSP_Demo_My_BACKUP\inc\stm32f10x_gpio.c" Line="281" Addr="0x0" Param="Yes"/>
    <parameter Name="GPIO_Pin" TI="9120" FileName="C:\Elektronik\STM32 Stamp (STM32F103RET6)\3.5-inch ILI9320 Display\SSD2119_DSP_Demo_My_BACKUP\inc\stm32f10x_gpio.c" Line="281" Addr="0x1" Param="Yes"/>
   </function >
   <function Name="GPIO_SetBits" TI="0" FileName="C:\Elektronik\STM32 Stamp (STM32F103RET6)\3.5-inch ILI9320 Display\SSD2119_DSP_Demo_My_BACKUP\inc\stm32f10x_gpio.c" Line="358">
    <parameter Name="GPIOx" TI="9775" FileName="C:\Elektronik\STM32 Stamp (STM32F103RET6)\3.5-inch ILI9320 Display\SSD2119_DSP_Demo_My_BACKUP\inc\stm32f10x_gpio.c" Line="358" Addr="0x0" Param="Yes"/>
    <parameter Name="GPIO_Pin" TI="9120" FileName="C:\Elektronik\STM32 Stamp (STM32F103RET6)\3.5-inch ILI9320 Display\SSD2119_DSP_Demo_My_BACKUP\inc\stm32f10x_gpio.c" Line="358" Addr="0x1" Param="Yes"/>
   </function >
   <function Name="GPIO_ResetBits" TI="0" FileName="C:\Elektronik\STM32 Stamp (STM32F103RET6)\3.5-inch ILI9320 Display\SSD2119_DSP_Demo_My_BACKUP\inc\stm32f10x_gpio.c" Line="374">
    <parameter Name="GPIOx" TI="9775" FileName="C:\Elektronik\STM32 Stamp (STM32F103RET6)\3.5-inch ILI9320 Display\SSD2119_DSP_Demo_My_BACKUP\inc\stm32f10x_gpio.c" Line="374" Addr="0x0" Param="Yes"/>
    <parameter Name="GPIO_Pin" TI="9120" FileName="C:\Elektronik\STM32 Stamp (STM32F103RET6)\3.5-inch ILI9320 Display\SSD2119_DSP_Demo_My_BACKUP\inc\stm32f10x_gpio.c" Line="374" Addr="0x1" Param="Yes"/>
   </function >
  </module>
  <module Name="C:\Elektronik\STM32 Stamp (STM32F103RET6)\3.5-inch ILI9320 Display\SSD2119_DSP_Demo_My_BACKUP\inc\stm32f10x_rcc.c" >
   <type Family="Base" Name="signed char" ID="10784"/>
   <type Family="Base" Name="unsigned char" ID="10802"/>
   <type Family="typedef" Name="uint8_t" Line="46" ID="10791" toTI="10802"/>
   <type Family="Base" Name="short int" ID="10809"/>
   <type Family="Base" Name="short unsigned int" ID="10816"/>
   <type Family="Base" Name="long int" ID="10823"/>
   <type Family="Base" Name="long unsigned int" ID="10841"/>
   <type Family="typedef" Name="uint32_t" Line="84" ID="10830" toTI="10841"/>
   <type Family="Base" Name="long long int" ID="10848"/>
   <type Family="Base" Name="long long unsigned int" ID="10855"/>
   <type Family="Base" Name="int" ID="10862"/>
   <type Family="Base" Name="unsigned int" ID="10869"/>
   <type Family="typedef" Name="FlagStatus" Line="348" ID="10906" toTI="10884"/>
   <type Family="typedef" Name="ITStatus" Line="348" ID="10918" toTI="10884"/>
   <type Family="typedef" Name="FunctionalState" Line="350" ID="10952" toTI="10930"/>
   <type Family="typedef" Name="ErrorStatus" Line="353" ID="10986" toTI="10964"/>
   <type Family="ComponentList" Line="875" ID="10998">
    <Component Name="CR" TI="11007" Line="876" Offs="0"/>
    <Component Name="CFGR" TI="11021" Line="877" Offs="4"/>
    <Component Name="CIR" TI="11036" Line="878" Offs="8"/>
    <Component Name="APB2RSTR" TI="11051" Line="879" Offs="12"/>
    <Component Name="APB1RSTR" TI="11066" Line="880" Offs="16"/>
    <Component Name="AHBENR" TI="11081" Line="881" Offs="20"/>
    <Component Name="APB2ENR" TI="11096" Line="882" Offs="24"/>
    <Component Name="APB1ENR" TI="11111" Line="883" Offs="28"/>
    <Component Name="BDCR" TI="11126" Line="884" Offs="32"/>
    <Component Name="CSR" TI="11141" Line="885" Offs="36"/>
   </type>
   <type Family="ComponentList" Line="46" ID="11157">
    <Component Name="SYSCLK_Frequency" TI="11165" Line="47" Offs="0"/>
    <Component Name="HCLK_Frequency" TI="11179" Line="48" Offs="4"/>
    <Component Name="PCLK1_Frequency" TI="11193" Line="49" Offs="8"/>
    <Component Name="PCLK2_Frequency" TI="11207" Line="50" Offs="12"/>
    <Component Name="ADCCLK_Frequency" TI="11221" Line="51" Offs="16"/>
   </type>
   <type Family="typedef" Name="RCC_ClocksTypeDef" Line="52" ID="11236" toTI="11157"/>
   <function Name="RCC_DeInit" TI="0" FileName="C:\Elektronik\STM32 Stamp (STM32F103RET6)\3.5-inch ILI9320 Display\SSD2119_DSP_Demo_My_BACKUP\inc\stm32f10x_rcc.c" Line="225">
   </function >
   <function Name="RCC_HSEConfig" TI="0" FileName="C:\Elektronik\STM32 Stamp (STM32F103RET6)\3.5-inch ILI9320 Display\SSD2119_DSP_Demo_My_BACKUP\inc\stm32f10x_rcc.c" Line="271">
    <parameter Name="RCC_HSE" TI="10830" FileName="C:\Elektronik\STM32 Stamp (STM32F103RET6)\3.5-inch ILI9320 Display\SSD2119_DSP_Demo_My_BACKUP\inc\stm32f10x_rcc.c" Line="271" Addr="0x0" Param="Yes"/>
   </function >
   <function Name="RCC_PLLConfig" TI="0" FileName="C:\Elektronik\STM32 Stamp (STM32F103RET6)\3.5-inch ILI9320 Display\SSD2119_DSP_Demo_My_BACKUP\inc\stm32f10x_rcc.c" Line="379">
    <parameter Name="RCC_PLLSource" TI="10830" FileName="C:\Elektronik\STM32 Stamp (STM32F103RET6)\3.5-inch ILI9320 Display\SSD2119_DSP_Demo_My_BACKUP\inc\stm32f10x_rcc.c" Line="379" Addr="0x0" Param="Yes"/>
    <parameter Name="RCC_PLLMul" TI="10830" FileName="C:\Elektronik\STM32 Stamp (STM32F103RET6)\3.5-inch ILI9320 Display\SSD2119_DSP_Demo_My_BACKUP\inc\stm32f10x_rcc.c" Line="379" Addr="0x1" Param="Yes"/>
    <variable Name="tmpreg" FileName="C:\Elektronik\STM32 Stamp (STM32F103RET6)\3.5-inch ILI9320 Display\SSD2119_DSP_Demo_My_BACKUP\inc\stm32f10x_rcc.c" Line="380" Addr="0x2" TI="10830"/>
   </function >
   <function Name="RCC_PLLCmd" TI="0" FileName="C:\Elektronik\STM32 Stamp (STM32F103RET6)\3.5-inch ILI9320 Display\SSD2119_DSP_Demo_My_BACKUP\inc\stm32f10x_rcc.c" Line="402">
    <parameter Name="NewState" TI="10952" FileName="C:\Elektronik\STM32 Stamp (STM32F103RET6)\3.5-inch ILI9320 Display\SSD2119_DSP_Demo_My_BACKUP\inc\stm32f10x_rcc.c" Line="402" Addr="0x0" Param="Yes"/>
   </function >
   <function Name="RCC_SYSCLKConfig" TI="0" FileName="C:\Elektronik\STM32 Stamp (STM32F103RET6)\3.5-inch ILI9320 Display\SSD2119_DSP_Demo_My_BACKUP\inc\stm32f10x_rcc.c" Line="561">
    <parameter Name="RCC_SYSCLKSource" TI="10830" FileName="C:\Elektronik\STM32 Stamp (STM32F103RET6)\3.5-inch ILI9320 Display\SSD2119_DSP_Demo_My_BACKUP\inc\stm32f10x_rcc.c" Line="561" Addr="0x0" Param="Yes"/>
    <variable Name="tmpreg" FileName="C:\Elektronik\STM32 Stamp (STM32F103RET6)\3.5-inch ILI9320 Display\SSD2119_DSP_Demo_My_BACKUP\inc\stm32f10x_rcc.c" Line="562" Addr="0x2" TI="10830"/>
   </function >
   <function Name="RCC_GetSYSCLKSource" TI="10791" FileName="C:\Elektronik\STM32 Stamp (STM32F103RET6)\3.5-inch ILI9320 Display\SSD2119_DSP_Demo_My_BACKUP\inc\stm32f10x_rcc.c" Line="584">
   </function >
   <function Name="RCC_HCLKConfig" TI="0" FileName="C:\Elektronik\STM32 Stamp (STM32F103RET6)\3.5-inch ILI9320 Display\SSD2119_DSP_Demo_My_BACKUP\inc\stm32f10x_rcc.c" Line="605">
    <parameter Name="RCC_SYSCLK" TI="10830" FileName="C:\Elektronik\STM32 Stamp (STM32F103RET6)\3.5-inch ILI9320 Display\SSD2119_DSP_Demo_My_BACKUP\inc\stm32f10x_rcc.c" Line="605" Addr="0x0" Param="Yes"/>
    <variable Name="tmpreg" FileName="C:\Elektronik\STM32 Stamp (STM32F103RET6)\3.5-inch ILI9320 Display\SSD2119_DSP_Demo_My_BACKUP\inc\stm32f10x_rcc.c" Line="606" Addr="0x2" TI="10830"/>
   </function >
   <function Name="RCC_PCLK1Config" TI="0" FileName="C:\Elektronik\STM32 Stamp (STM32F103RET6)\3.5-inch ILI9320 Display\SSD2119_DSP_Demo_My_BACKUP\inc\stm32f10x_rcc.c" Line="631">
    <parameter Name="RCC_HCLK" TI="10830" FileName="C:\Elektronik\STM32 Stamp (STM32F103RET6)\3.5-inch ILI9320 Display\SSD2119_DSP_Demo_My_BACKUP\inc\stm32f10x_rcc.c" Line="631" Addr="0x0" Param="Yes"/>
    <variable Name="tmpreg" FileName="C:\Elektronik\STM32 Stamp (STM32F103RET6)\3.5-inch ILI9320 Display\SSD2119_DSP_Demo_My_BACKUP\inc\stm32f10x_rcc.c" Line="632" Addr="0x2" TI="10830"/>
   </function >
   <function Name="RCC_PCLK2Config" TI="0" FileName="C:\Elektronik\STM32 Stamp (STM32F103RET6)\3.5-inch ILI9320 Display\SSD2119_DSP_Demo_My_BACKUP\inc\stm32f10x_rcc.c" Line="657">
    <parameter Name="RCC_HCLK" TI="10830" FileName="C:\Elektronik\STM32 Stamp (STM32F103RET6)\3.5-inch ILI9320 Display\SSD2119_DSP_Demo_My_BACKUP\inc\stm32f10x_rcc.c" Line="657" Addr="0x0" Param="Yes"/>
    <variable Name="tmpreg" FileName="C:\Elektronik\STM32 Stamp (STM32F103RET6)\3.5-inch ILI9320 Display\SSD2119_DSP_Demo_My_BACKUP\inc\stm32f10x_rcc.c" Line="658" Addr="0x3" TI="10830"/>
   </function >
   <type Family="Pointer" TI="12163" toTI="11236"/>
   <function Name="RCC_APB2PeriphClockCmd" TI="0" FileName="C:\Elektronik\STM32 Stamp (STM32F103RET6)\3.5-inch ILI9320 Display\SSD2119_DSP_Demo_My_BACKUP\inc\stm32f10x_rcc.c" Line="1077">
    <parameter Name="RCC_APB2Periph" TI="10830" FileName="C:\Elektronik\STM32 Stamp (STM32F103RET6)\3.5-inch ILI9320 Display\SSD2119_DSP_Demo_My_BACKUP\inc\stm32f10x_rcc.c" Line="1077" Addr="0x0" Param="Yes"/>
    <parameter Name="NewState" TI="10952" FileName="C:\Elektronik\STM32 Stamp (STM32F103RET6)\3.5-inch ILI9320 Display\SSD2119_DSP_Demo_My_BACKUP\inc\stm32f10x_rcc.c" Line="1077" Addr="0x1" Param="Yes"/>
   </function >
   <function Name="RCC_GetFlagStatus" TI="10906" FileName="C:\Elektronik\STM32 Stamp (STM32F103RET6)\3.5-inch ILI9320 Display\SSD2119_DSP_Demo_My_BACKUP\inc\stm32f10x_rcc.c" Line="1304">
    <parameter Name="RCC_FLAG" TI="10791" FileName="C:\Elektronik\STM32 Stamp (STM32F103RET6)\3.5-inch ILI9320 Display\SSD2119_DSP_Demo_My_BACKUP\inc\stm32f10x_rcc.c" Line="1304" Addr="0x0" Param="Yes"/>
    <variable Name="tmp" FileName="C:\Elektronik\STM32 Stamp (STM32F103RET6)\3.5-inch ILI9320 Display\SSD2119_DSP_Demo_My_BACKUP\inc\stm32f10x_rcc.c" Line="1305" Addr="0x3" TI="10830"/>
    <variable Name="statusreg" FileName="C:\Elektronik\STM32 Stamp (STM32F103RET6)\3.5-inch ILI9320 Display\SSD2119_DSP_Demo_My_BACKUP\inc\stm32f10x_rcc.c" Line="1306" Addr="0x3" TI="10830"/>
   </function >
   <function Name="RCC_WaitForHSEStartUp" TI="10986" FileName="C:\Elektronik\STM32 Stamp (STM32F103RET6)\3.5-inch ILI9320 Display\SSD2119_DSP_Demo_My_BACKUP\inc\stm32f10x_rcc.c" Line="305">
    <variable Name="StartUpCounter" FileName="C:\Elektronik\STM32 Stamp (STM32F103RET6)\3.5-inch ILI9320 Display\SSD2119_DSP_Demo_My_BACKUP\inc\stm32f10x_rcc.c" Line="306" Addr="0x34000014" TI="10879"/>
    <variable Name="HSEStatus" FileName="C:\Elektronik\STM32 Stamp (STM32F103RET6)\3.5-inch ILI9320 Display\SSD2119_DSP_Demo_My_BACKUP\inc\stm32f10x_rcc.c" Line="308" Addr="0x0" TI="10906"/>
   </function >
   <type Family="array" ID="12841" toTI="10791"/>
   <variable Name="APBAHBPrescTable" FileName="C:\Elektronik\STM32 Stamp (STM32F103RET6)\3.5-inch ILI9320 Display\SSD2119_DSP_Demo_My_BACKUP\inc\stm32f10x_rcc.c" Line="200" Addr="0x0" TI="12874"/>
   <type Family="array" ID="12884" toTI="10791"/>
   <variable Name="ADCPrescTable" FileName="C:\Elektronik\STM32 Stamp (STM32F103RET6)\3.5-inch ILI9320 Display\SSD2119_DSP_Demo_My_BACKUP\inc\stm32f10x_rcc.c" Line="201" Addr="0x0" TI="12917"/>
  </module>
  <module Name="C:\Elektronik\STM32 Stamp (STM32F103RET6)\3.5-inch ILI9320 Display\SSD2119_DSP_Demo_My_BACKUP\inc\stm32f10x_it.c" >
   <type Family="Base" Name="signed char" ID="12969"/>
   <type Family="Base" Name="unsigned char" ID="12976"/>
   <type Family="Base" Name="short int" ID="12983"/>
   <type Family="Base" Name="short unsigned int" ID="12990"/>
   <type Family="Base" Name="long int" ID="12997"/>
   <type Family="Base" Name="long unsigned int" ID="13004"/>
   <type Family="Base" Name="long long int" ID="13011"/>
   <type Family="Base" Name="long long unsigned int" ID="13018"/>
   <type Family="Base" Name="int" ID="13025"/>
   <type Family="Base" Name="unsigned int" ID="13032"/>
   <function Name="NMI_Handler" TI="0" FileName="C:\Elektronik\STM32 Stamp (STM32F103RET6)\3.5-inch ILI9320 Display\SSD2119_DSP_Demo_My_BACKUP\inc\stm32f10x_it.c" Line="51">
   </function >
   <function Name="HardFault_Handler" TI="0" FileName="C:\Elektronik\STM32 Stamp (STM32F103RET6)\3.5-inch ILI9320 Display\SSD2119_DSP_Demo_My_BACKUP\inc\stm32f10x_it.c" Line="60">
   </function >
   <function Name="MemManage_Handler" TI="0" FileName="C:\Elektronik\STM32 Stamp (STM32F103RET6)\3.5-inch ILI9320 Display\SSD2119_DSP_Demo_My_BACKUP\inc\stm32f10x_it.c" Line="73">
   </function >
   <function Name="BusFault_Handler" TI="0" FileName="C:\Elektronik\STM32 Stamp (STM32F103RET6)\3.5-inch ILI9320 Display\SSD2119_DSP_Demo_My_BACKUP\inc\stm32f10x_it.c" Line="86">
   </function >
   <function Name="UsageFault_Handler" TI="0" FileName="C:\Elektronik\STM32 Stamp (STM32F103RET6)\3.5-inch ILI9320 Display\SSD2119_DSP_Demo_My_BACKUP\inc\stm32f10x_it.c" Line="99">
   </function >
   <function Name="SVC_Handler" TI="0" FileName="C:\Elektronik\STM32 Stamp (STM32F103RET6)\3.5-inch ILI9320 Display\SSD2119_DSP_Demo_My_BACKUP\inc\stm32f10x_it.c" Line="112">
   </function >
   <function Name="DebugMon_Handler" TI="0" FileName="C:\Elektronik\STM32 Stamp (STM32F103RET6)\3.5-inch ILI9320 Display\SSD2119_DSP_Demo_My_BACKUP\inc\stm32f10x_it.c" Line="121">
   </function >
   <function Name="PendSV_Handler" TI="0" FileName="C:\Elektronik\STM32 Stamp (STM32F103RET6)\3.5-inch ILI9320 Display\SSD2119_DSP_Demo_My_BACKUP\inc\stm32f10x_it.c" Line="130">
   </function >
   <function Name="SysTick_Handler" TI="0" FileName="C:\Elektronik\STM32 Stamp (STM32F103RET6)\3.5-inch ILI9320 Display\SSD2119_DSP_Demo_My_BACKUP\inc\stm32f10x_it.c" Line="139">
   </function >
  </module>
  <module Name="C:\Elektronik\STM32 Stamp (STM32F103RET6)\3.5-inch ILI9320 Display\SSD2119_DSP_Demo_My_BACKUP\system_stm32f10x.c" >
   <type Family="Base" Name="signed char" ID="13253"/>
   <type Family="Base" Name="unsigned char" ID="13260"/>
   <type Family="Base" Name="short int" ID="13267"/>
   <type Family="Base" Name="short unsigned int" ID="13274"/>
   <type Family="Base" Name="long int" ID="13281"/>
   <type Family="Base" Name="long unsigned int" ID="13299"/>
   <type Family="typedef" Name="uint32_t" Line="84" ID="13288" toTI="13299"/>
   <type Family="Base" Name="long long int" ID="13306"/>
   <type Family="Base" Name="long long unsigned int" ID="13313"/>
   <type Family="Base" Name="int" ID="13320"/>
   <type Family="Base" Name="unsigned int" ID="13327"/>
   <type Family="ComponentList" Line="710" ID="13369">
    <Component Name="ACR" TI="13378" Line="711" Offs="0"/>
    <Component Name="KEYR" TI="13393" Line="712" Offs="4"/>
    <Component Name="OPTKEYR" TI="13408" Line="713" Offs="8"/>
    <Component Name="SR" TI="13423" Line="714" Offs="12"/>
    <Component Name="CR" TI="13437" Line="715" Offs="16"/>
    <Component Name="AR" TI="13451" Line="716" Offs="20"/>
    <Component Name="RESERVED" TI="13465" Line="717" Offs="24"/>
    <Component Name="OBR" TI="13480" Line="718" Offs="28"/>
    <Component Name="WRPR" TI="13495" Line="719" Offs="32"/>
   </type>
   <type Family="ComponentList" Line="875" ID="13511">
    <Component Name="CR" TI="13520" Line="876" Offs="0"/>
    <Component Name="CFGR" TI="13534" Line="877" Offs="4"/>
    <Component Name="CIR" TI="13549" Line="878" Offs="8"/>
    <Component Name="APB2RSTR" TI="13564" Line="879" Offs="12"/>
    <Component Name="APB1RSTR" TI="13579" Line="880" Offs="16"/>
    <Component Name="AHBENR" TI="13594" Line="881" Offs="20"/>
    <Component Name="APB2ENR" TI="13609" Line="882" Offs="24"/>
    <Component Name="APB1ENR" TI="13624" Line="883" Offs="28"/>
    <Component Name="BDCR" TI="13639" Line="884" Offs="32"/>
    <Component Name="CSR" TI="13654" Line="885" Offs="36"/>
   </type>
   <variable Name="SystemFrequency" FileName="C:\Elektronik\STM32 Stamp (STM32F103RET6)\3.5-inch ILI9320 Display\SSD2119_DSP_Demo_My_BACKUP\system_stm32f10x.c" Line="105" Addr="0x80082D8" TI="13342"/>
   <variable Name="SystemFrequency_SysClk" FileName="C:\Elektronik\STM32 Stamp (STM32F103RET6)\3.5-inch ILI9320 Display\SSD2119_DSP_Demo_My_BACKUP\system_stm32f10x.c" Line="106" Addr="0x80082DC" TI="13342"/>
   <variable Name="SystemFrequency_AHBClk" FileName="C:\Elektronik\STM32 Stamp (STM32F103RET6)\3.5-inch ILI9320 Display\SSD2119_DSP_Demo_My_BACKUP\system_stm32f10x.c" Line="107" Addr="0x80082E0" TI="13342"/>
   <variable Name="SystemFrequency_APB1Clk" FileName="C:\Elektronik\STM32 Stamp (STM32F103RET6)\3.5-inch ILI9320 Display\SSD2119_DSP_Demo_My_BACKUP\system_stm32f10x.c" Line="108" Addr="0x80082E4" TI="13342"/>
   <variable Name="SystemFrequency_APB2Clk" FileName="C:\Elektronik\STM32 Stamp (STM32F103RET6)\3.5-inch ILI9320 Display\SSD2119_DSP_Demo_My_BACKUP\system_stm32f10x.c" Line="109" Addr="0x80082E8" TI="13342"/>
  </module>
  <module Name="C:\Elektronik\STM32 Stamp (STM32F103RET6)\3.5-inch ILI9320 Display\SSD2119_DSP_Demo_My_BACKUP\inc\stm32f10x_spi.c" >
   <type Family="Base" Name="signed char" ID="13935"/>
   <type Family="Base" Name="unsigned char" ID="13953"/>
   <type Family="typedef" Name="uint8_t" Line="46" ID="13942" toTI="13953"/>
   <type Family="Base" Name="short int" ID="13960"/>
   <type Family="Base" Name="short unsigned int" ID="13978"/>
   <type Family="typedef" Name="uint16_t" Line="58" ID="13967" toTI="13978"/>
   <type Family="Base" Name="long int" ID="13985"/>
   <type Family="Base" Name="long unsigned int" ID="14003"/>
   <type Family="typedef" Name="uint32_t" Line="84" ID="13992" toTI="14003"/>
   <type Family="Base" Name="long long int" ID="14010"/>
   <type Family="Base" Name="long long unsigned int" ID="14017"/>
   <type Family="Base" Name="int" ID="14024"/>
   <type Family="Base" Name="unsigned int" ID="14031"/>
   <type Family="typedef" Name="FlagStatus" Line="348" ID="14068" toTI="14046"/>
   <type Family="typedef" Name="ITStatus" Line="348" ID="14080" toTI="14046"/>
   <type Family="typedef" Name="FunctionalState" Line="350" ID="14114" toTI="14092"/>
   <type Family="ComponentList" Line="953" ID="14126">
    <Component Name="CR1" TI="14135" Line="954" Offs="0"/>
    <Component Name="RESERVED0" TI="14150" Line="955" Offs="2"/>
    <Component Name="CR2" TI="14165" Line="956" Offs="4"/>
    <Component Name="RESERVED1" TI="14180" Line="957" Offs="6"/>
    <Component Name="SR" TI="14195" Line="958" Offs="8"/>
    <Component Name="RESERVED2" TI="14209" Line="959" Offs="10"/>
    <Component Name="DR" TI="14224" Line="960" Offs="12"/>
    <Component Name="RESERVED3" TI="14238" Line="961" Offs="14"/>
    <Component Name="CRCPR" TI="14253" Line="962" Offs="16"/>
    <Component Name="RESERVED4" TI="14268" Line="963" Offs="18"/>
    <Component Name="RXCRCR" TI="14283" Line="964" Offs="20"/>
    <Component Name="RESERVED5" TI="14298" Line="965" Offs="22"/>
    <Component Name="TXCRCR" TI="14313" Line="966" Offs="24"/>
    <Component Name="RESERVED6" TI="14328" Line="967" Offs="26"/>
    <Component Name="I2SCFGR" TI="14343" Line="968" Offs="28"/>
    <Component Name="RESERVED7" TI="14358" Line="969" Offs="30"/>
    <Component Name="I2SPR" TI="14373" Line="970" Offs="32"/>
    <Component Name="RESERVED8" TI="14388" Line="971" Offs="34"/>
   </type>
   <type Family="typedef" Name="SPI_TypeDef" Line="972" ID="14404" toTI="14126"/>
   <type Family="ComponentList" Line="46" ID="14416">
    <Component Name="SYSCLK_Frequency" TI="14424" Line="47" Offs="0"/>
    <Component Name="HCLK_Frequency" TI="14438" Line="48" Offs="4"/>
    <Component Name="PCLK1_Frequency" TI="14452" Line="49" Offs="8"/>
    <Component Name="PCLK2_Frequency" TI="14466" Line="50" Offs="12"/>
    <Component Name="ADCCLK_Frequency" TI="14480" Line="51" Offs="16"/>
   </type>
   <type Family="typedef" Name="RCC_ClocksTypeDef" Line="52" ID="14495" toTI="14416"/>
   <type Family="ComponentList" Line="50" ID="14506">
    <Component Name="SPI_Direction" TI="14514" Line="51" Offs="0"/>
    <Component Name="SPI_Mode" TI="14528" Line="54" Offs="2"/>
    <Component Name="SPI_DataSize" TI="14542" Line="57" Offs="4"/>
    <Component Name="SPI_CPOL" TI="14556" Line="60" Offs="6"/>
    <Component Name="SPI_CPHA" TI="14570" Line="63" Offs="8"/>
    <Component Name="SPI_NSS" TI="14584" Line="66" Offs="10"/>
    <Component Name="SPI_BaudRatePrescaler" TI="14598" Line="70" Offs="12"/>
    <Component Name="SPI_FirstBit" TI="14612" Line="76" Offs="14"/>
    <Component Name="SPI_CRCPolynomial" TI="14626" Line="79" Offs="16"/>
   </type>
   <type Family="typedef" Name="SPI_InitTypeDef" Line="80" ID="14641" toTI="14506"/>
   <type Family="ComponentList" Line="87" ID="14652">
    <Component Name="I2S_Mode" TI="14660" Line="89" Offs="0"/>
    <Component Name="I2S_Standard" TI="14674" Line="92" Offs="2"/>
    <Component Name="I2S_DataFormat" TI="14688" Line="95" Offs="4"/>
    <Component Name="I2S_MCLKOutput" TI="14702" Line="98" Offs="6"/>
    <Component Name="I2S_AudioFreq" TI="14716" Line="101" Offs="8"/>
    <Component Name="I2S_CPOL" TI="14730" Line="104" Offs="12"/>
   </type>
   <type Family="typedef" Name="I2S_InitTypeDef" Line="106" ID="14745" toTI="14652"/>
   <type Family="Pointer" TI="14823" toTI="14404"/>
   <type Family="Pointer" TI="14829" toTI="14641"/>
   <type Family="Pointer" TI="14913" toTI="14745"/>
  </module>
  <module Name="C:\Elektronik\STM32 Stamp (STM32F103RET6)\3.5-inch ILI9320 Display\SSD2119_DSP_Demo_My_BACKUP\ads7843drv.c" >
   <type Family="Base" Name="signed char" ID="16256"/>
   <type Family="Base" Name="unsigned char" ID="16263"/>
   <type Family="Base" Name="short int" ID="16270"/>
   <type Family="Base" Name="short unsigned int" ID="16277"/>
   <type Family="Base" Name="int" ID="16284"/>
   <type Family="Base" Name="unsigned int" ID="16291"/>
   <type Family="Base" Name="long long int" ID="16298"/>
   <type Family="Base" Name="long long unsigned int" ID="16305"/>
   <type Family="Base" Name="long int" ID="16312"/>
   <type Family="Base" Name="long unsigned int" ID="16322"/>
   <type Family="Base" Name="char" ID="16329"/>
   <type Family="typedef" Name="uint16_t" Line="58" ID="16336" toTI="16277"/>
   <type Family="typedef" Name="uint32_t" Line="84" ID="16347" toTI="16322"/>
   <type Family="ComponentList" Line="802" ID="16363">
    <Component Name="CRL" TI="16372" Line="803" Offs="0"/>
    <Component Name="CRH" TI="16387" Line="804" Offs="4"/>
    <Component Name="IDR" TI="16402" Line="805" Offs="8"/>
    <Component Name="ODR" TI="16417" Line="806" Offs="12"/>
    <Component Name="BSRR" TI="16432" Line="807" Offs="16"/>
    <Component Name="BRR" TI="16447" Line="808" Offs="20"/>
    <Component Name="LCKR" TI="16462" Line="809" Offs="24"/>
   </type>
   <type Family="typedef" Name="GPIOSpeed_TypeDef" Line="62" ID="16505" toTI="16478"/>
   <type Family="typedef" Name="GPIOMode_TypeDef" Line="79" ID="16574" toTI="16516"/>
   <type Family="ComponentList" Line="91" ID="16585">
    <Component Name="GPIO_Pin" TI="16593" Line="92" Offs="0"/>
    <Component Name="GPIO_Speed" TI="16607" Line="95" Offs="2"/>
    <Component Name="GPIO_Mode" TI="16621" Line="98" Offs="3"/>
   </type>
   <type Family="typedef" Name="GPIO_InitTypeDef" Line="100" ID="16636" toTI="16585"/>
   <function Name="Delayus" TI="0" FileName="C:\Elektronik\STM32 Stamp (STM32F103RET6)\3.5-inch ILI9320 Display\SSD2119_DSP_Demo_My_BACKUP\ads7843drv.c" Line="7">
    <parameter Name="k" TI="16284" FileName="C:\Elektronik\STM32 Stamp (STM32F103RET6)\3.5-inch ILI9320 Display\SSD2119_DSP_Demo_My_BACKUP\ads7843drv.c" Line="7" Addr="0x0" Param="Yes"/>
   </function >
   <function Name="WR_CMD" TI="0" FileName="C:\Elektronik\STM32 Stamp (STM32F103RET6)\3.5-inch ILI9320 Display\SSD2119_DSP_Demo_My_BACKUP\ads7843drv.c" Line="29">
    <parameter Name="cmd" TI="16263" FileName="C:\Elektronik\STM32 Stamp (STM32F103RET6)\3.5-inch ILI9320 Display\SSD2119_DSP_Demo_My_BACKUP\ads7843drv.c" Line="29" Addr="0x0" Param="Yes"/>
   </function >
   <function Name="RD_AD" TI="16277" FileName="C:\Elektronik\STM32 Stamp (STM32F103RET6)\3.5-inch ILI9320 Display\SSD2119_DSP_Demo_My_BACKUP\ads7843drv.c" Line="48">
    <variable Name="buf" FileName="C:\Elektronik\STM32 Stamp (STM32F103RET6)\3.5-inch ILI9320 Display\SSD2119_DSP_Demo_My_BACKUP\ads7843drv.c" Line="49" Addr="0x5" TI="16277"/>
   </function >
   <function Name="Read_X" TI="16284" FileName="C:\Elektronik\STM32 Stamp (STM32F103RET6)\3.5-inch ILI9320 Display\SSD2119_DSP_Demo_My_BACKUP\ads7843drv.c" Line="70">
   </function >
   <type Family="Pointer" TI="16967" toTI="16284"/>
   <function Name="TP_Init" TI="0" FileName="C:\Elektronik\STM32 Stamp (STM32F103RET6)\3.5-inch ILI9320 Display\SSD2119_DSP_Demo_My_BACKUP\ads7843drv.c" Line="13">
    <variable Name="GPIO_InitStructure" FileName="C:\Elektronik\STM32 Stamp (STM32F103RET6)\3.5-inch ILI9320 Display\SSD2119_DSP_Demo_My_BACKUP\ads7843drv.c" Line="16" Addr="0x34000004" TI="16636"/>
   </function >
  </module>
  <module Name="C:\Elektronik\STM32 Stamp (STM32F103RET6)\3.5-inch ILI9320 Display\SSD2119_DSP_Demo_My_BACKUP\SSD2119_api.c" >
   <type Family="Base" Name="signed char" ID="17047"/>
   <type Family="Base" Name="unsigned char" ID="17065"/>
   <type Family="typedef" Name="uint8_t" Line="46" ID="17054" toTI="17065"/>
   <type Family="Base" Name="short int" ID="17083"/>
   <type Family="typedef" Name="int16_t" Line="57" ID="17072" toTI="17083"/>
   <type Family="Base" Name="short unsigned int" ID="17101"/>
   <type Family="typedef" Name="uint16_t" Line="58" ID="17090" toTI="17101"/>
   <type Family="Base" Name="long int" ID="17108"/>
   <type Family="Base" Name="long unsigned int" ID="17126"/>
   <type Family="typedef" Name="uint32_t" Line="84" ID="17115" toTI="17126"/>
   <type Family="Base" Name="long long int" ID="17133"/>
   <type Family="Base" Name="long long unsigned int" ID="17140"/>
   <type Family="Base" Name="int" ID="17147"/>
   <type Family="Base" Name="unsigned int" ID="17154"/>
   <type Family="typedef" Name="s16" Line="313" ID="17169" toTI="17072"/>
   <type Family="typedef" Name="u32" Line="328" ID="17181" toTI="17115"/>
   <type Family="typedef" Name="u16" Line="329" ID="17193" toTI="17090"/>
   <type Family="typedef" Name="u8" Line="330" ID="17205" toTI="17054"/>
   <type Family="ComponentList" Line="802" ID="17238">
    <Component Name="CRL" TI="17247" Line="803" Offs="0"/>
    <Component Name="CRH" TI="17262" Line="804" Offs="4"/>
    <Component Name="IDR" TI="17277" Line="805" Offs="8"/>
    <Component Name="ODR" TI="17292" Line="806" Offs="12"/>
    <Component Name="BSRR" TI="17307" Line="807" Offs="16"/>
    <Component Name="BRR" TI="17322" Line="808" Offs="20"/>
    <Component Name="LCKR" TI="17337" Line="809" Offs="24"/>
   </type>
   <type Family="ComponentList" Line="5" ID="17353">
    <Component Name="U16" TI="17361" Line="6" Offs="0"/>
   <type Family="array" ID="17383" toTI="17205"/>
    <Component Name="U8" TI="17372" Line="7" Offs="0"/>
   </type>
   <type Family="typedef" Name="ColorTypeDef" Line="8" ID="17399" toTI="17353"/>
   <type Family="Pointer" TI="17655" toTI="17661"/>
   <function Name="Lcd_Line" TI="0" FileName="C:\Elektronik\STM32 Stamp (STM32F103RET6)\3.5-inch ILI9320 Display\SSD2119_DSP_Demo_My_BACKUP\SSD2119_api.c" Line="72">
    <parameter Name="x0" TI="17193" FileName="C:\Elektronik\STM32 Stamp (STM32F103RET6)\3.5-inch ILI9320 Display\SSD2119_DSP_Demo_My_BACKUP\SSD2119_api.c" Line="72" Addr="0x0" Param="Yes"/>
    <parameter Name="y0" TI="17193" FileName="C:\Elektronik\STM32 Stamp (STM32F103RET6)\3.5-inch ILI9320 Display\SSD2119_DSP_Demo_My_BACKUP\SSD2119_api.c" Line="72" Addr="0x1" Param="Yes"/>
    <parameter Name="x1" TI="17193" FileName="C:\Elektronik\STM32 Stamp (STM32F103RET6)\3.5-inch ILI9320 Display\SSD2119_DSP_Demo_My_BACKUP\SSD2119_api.c" Line="72" Addr="0x2" Param="Yes"/>
    <parameter Name="y1" TI="17193" FileName="C:\Elektronik\STM32 Stamp (STM32F103RET6)\3.5-inch ILI9320 Display\SSD2119_DSP_Demo_My_BACKUP\SSD2119_api.c" Line="72" Addr="0x3" Param="Yes"/>
    <parameter Name="color" TI="17193" FileName="C:\Elektronik\STM32 Stamp (STM32F103RET6)\3.5-inch ILI9320 Display\SSD2119_DSP_Demo_My_BACKUP\SSD2119_api.c" Line="72" Addr="0x34000030" Param="Yes"/>
    <variable Name="x" FileName="C:\Elektronik\STM32 Stamp (STM32F103RET6)\3.5-inch ILI9320 Display\SSD2119_DSP_Demo_My_BACKUP\SSD2119_api.c" Line="73" Addr="0x4" TI="17193"/>
    <variable Name="y" FileName="C:\Elektronik\STM32 Stamp (STM32F103RET6)\3.5-inch ILI9320 Display\SSD2119_DSP_Demo_My_BACKUP\SSD2119_api.c" Line="73" Addr="0x4" TI="17193"/>
    <variable Name="dx" FileName="C:\Elektronik\STM32 Stamp (STM32F103RET6)\3.5-inch ILI9320 Display\SSD2119_DSP_Demo_My_BACKUP\SSD2119_api.c" Line="74" Addr="0x34000034" TI="17193"/>
    <variable Name="dy" FileName="C:\Elektronik\STM32 Stamp (STM32F103RET6)\3.5-inch ILI9320 Display\SSD2119_DSP_Demo_My_BACKUP\SSD2119_api.c" Line="75" Addr="0xB" TI="17193"/>
    <variable Name="p" FileName="C:\Elektronik\STM32 Stamp (STM32F103RET6)\3.5-inch ILI9320 Display\SSD2119_DSP_Demo_My_BACKUP\SSD2119_api.c" Line="161" Addr="0x6" TI="17169"/>
    <variable Name="twoDy" FileName="C:\Elektronik\STM32 Stamp (STM32F103RET6)\3.5-inch ILI9320 Display\SSD2119_DSP_Demo_My_BACKUP\SSD2119_api.c" Line="162" Addr="0x0" TI="17169"/>
    <variable Name="twoDyMinusDx" FileName="C:\Elektronik\STM32 Stamp (STM32F103RET6)\3.5-inch ILI9320 Display\SSD2119_DSP_Demo_My_BACKUP\SSD2119_api.c" Line="163" Addr="0x1" TI="17169"/>
    <variable Name="p" FileName="C:\Elektronik\STM32 Stamp (STM32F103RET6)\3.5-inch ILI9320 Display\SSD2119_DSP_Demo_My_BACKUP\SSD2119_api.c" Line="181" Addr="0x6" TI="17169"/>
    <variable Name="twoDx" FileName="C:\Elektronik\STM32 Stamp (STM32F103RET6)\3.5-inch ILI9320 Display\SSD2119_DSP_Demo_My_BACKUP\SSD2119_api.c" Line="182" Addr="0x9" TI="17169"/>
    <variable Name="twoDxMinusDy" FileName="C:\Elektronik\STM32 Stamp (STM32F103RET6)\3.5-inch ILI9320 Display\SSD2119_DSP_Demo_My_BACKUP\SSD2119_api.c" Line="183" Addr="0x7" TI="17169"/>
    <variable Name="p" FileName="C:\Elektronik\STM32 Stamp (STM32F103RET6)\3.5-inch ILI9320 Display\SSD2119_DSP_Demo_My_BACKUP\SSD2119_api.c" Line="204" Addr="0x6" TI="17169"/>
    <variable Name="twoDy" FileName="C:\Elektronik\STM32 Stamp (STM32F103RET6)\3.5-inch ILI9320 Display\SSD2119_DSP_Demo_My_BACKUP\SSD2119_api.c" Line="205" Addr="0x0" TI="17169"/>
    <variable Name="twoDyMinusDx" FileName="C:\Elektronik\STM32 Stamp (STM32F103RET6)\3.5-inch ILI9320 Display\SSD2119_DSP_Demo_My_BACKUP\SSD2119_api.c" Line="206" Addr="0x1" TI="17169"/>
    <variable Name="p" FileName="C:\Elektronik\STM32 Stamp (STM32F103RET6)\3.5-inch ILI9320 Display\SSD2119_DSP_Demo_My_BACKUP\SSD2119_api.c" Line="224" Addr="0x6" TI="17169"/>
    <variable Name="twoDx" FileName="C:\Elektronik\STM32 Stamp (STM32F103RET6)\3.5-inch ILI9320 Display\SSD2119_DSP_Demo_My_BACKUP\SSD2119_api.c" Line="225" Addr="0x0" TI="17169"/>
    <variable Name="twoDxMinusDy" FileName="C:\Elektronik\STM32 Stamp (STM32F103RET6)\3.5-inch ILI9320 Display\SSD2119_DSP_Demo_My_BACKUP\SSD2119_api.c" Line="226" Addr="0x1" TI="17169"/>
   </function >
   <function Name="Lcd_Text" TI="0" FileName="C:\Elektronik\STM32 Stamp (STM32F103RET6)\3.5-inch ILI9320 Display\SSD2119_DSP_Demo_My_BACKUP\SSD2119_api.c" Line="50">
    <parameter Name="x" TI="17193" FileName="C:\Elektronik\STM32 Stamp (STM32F103RET6)\3.5-inch ILI9320 Display\SSD2119_DSP_Demo_My_BACKUP\SSD2119_api.c" Line="50" Addr="0x0" Param="Yes"/>
    <parameter Name="y" TI="17193" FileName="C:\Elektronik\STM32 Stamp (STM32F103RET6)\3.5-inch ILI9320 Display\SSD2119_DSP_Demo_My_BACKUP\SSD2119_api.c" Line="50" Addr="0x1" Param="Yes"/>
   <type Family="Pointer" TI="19019" toTI="17205"/>
    <parameter Name="str" TI="19019" FileName="C:\Elektronik\STM32 Stamp (STM32F103RET6)\3.5-inch ILI9320 Display\SSD2119_DSP_Demo_My_BACKUP\SSD2119_api.c" Line="50" Addr="0x2" Param="Yes"/>
    <parameter Name="len" TI="17193" FileName="C:\Elektronik\STM32 Stamp (STM32F103RET6)\3.5-inch ILI9320 Display\SSD2119_DSP_Demo_My_BACKUP\SSD2119_api.c" Line="50" Addr="0x3" Param="Yes"/>
    <parameter Name="Color" TI="17193" FileName="C:\Elektronik\STM32 Stamp (STM32F103RET6)\3.5-inch ILI9320 Display\SSD2119_DSP_Demo_My_BACKUP\SSD2119_api.c" Line="50" Addr="0x34000030" Param="Yes"/>
    <parameter Name="bkColor" TI="17193" FileName="C:\Elektronik\STM32 Stamp (STM32F103RET6)\3.5-inch ILI9320 Display\SSD2119_DSP_Demo_My_BACKUP\SSD2119_api.c" Line="50" Addr="0x34000034" Param="Yes"/>
    <variable Name="i" FileName="C:\Elektronik\STM32 Stamp (STM32F103RET6)\3.5-inch ILI9320 Display\SSD2119_DSP_Demo_My_BACKUP\SSD2119_api.c" Line="51" Addr="0x4" TI="17205"/>
   </function >
  </module>
  <module Name="C:\Elektronik\STM32 Stamp (STM32F103RET6)\3.5-inch ILI9320 Display\SSD2119_DSP_Demo_My_BACKUP\SSD2119.c" >
   <type Family="Base" Name="signed char" ID="19063"/>
   <type Family="Base" Name="unsigned char" ID="19081"/>
   <type Family="typedef" Name="uint8_t" Line="46" ID="19070" toTI="19081"/>
   <type Family="Base" Name="short int" ID="19088"/>
   <type Family="Base" Name="short unsigned int" ID="19106"/>
   <type Family="typedef" Name="uint16_t" Line="58" ID="19095" toTI="19106"/>
   <type Family="Base" Name="long int" ID="19113"/>
   <type Family="Base" Name="long unsigned int" ID="19131"/>
   <type Family="typedef" Name="uint32_t" Line="84" ID="19120" toTI="19131"/>
   <type Family="Base" Name="long long int" ID="19138"/>
   <type Family="Base" Name="long long unsigned int" ID="19145"/>
   <type Family="Base" Name="int" ID="19152"/>
   <type Family="Base" Name="unsigned int" ID="19159"/>
   <type Family="typedef" Name="u32" Line="328" ID="19174" toTI="19120"/>
   <type Family="typedef" Name="u16" Line="329" ID="19186" toTI="19095"/>
   <type Family="typedef" Name="u8" Line="330" ID="19198" toTI="19070"/>
   <type Family="ComponentList" Line="802" ID="19231">
    <Component Name="CRL" TI="19240" Line="803" Offs="0"/>
    <Component Name="CRH" TI="19255" Line="804" Offs="4"/>
    <Component Name="IDR" TI="19270" Line="805" Offs="8"/>
    <Component Name="ODR" TI="19285" Line="806" Offs="12"/>
    <Component Name="BSRR" TI="19300" Line="807" Offs="16"/>
    <Component Name="BRR" TI="19315" Line="808" Offs="20"/>
    <Component Name="LCKR" TI="19330" Line="809" Offs="24"/>
   </type>
   <type Family="typedef" Name="GPIOSpeed_TypeDef" Line="62" ID="19373" toTI="19346"/>
   <type Family="typedef" Name="GPIOMode_TypeDef" Line="79" ID="19442" toTI="19384"/>
   <type Family="ComponentList" Line="91" ID="19453">
    <Component Name="GPIO_Pin" TI="19461" Line="92" Offs="0"/>
    <Component Name="GPIO_Speed" TI="19475" Line="95" Offs="2"/>
    <Component Name="GPIO_Mode" TI="19489" Line="98" Offs="3"/>
   </type>
   <type Family="typedef" Name="GPIO_InitTypeDef" Line="100" ID="19504" toTI="19453"/>
   <function Name="Lcd_WriteData" TI="0" FileName="C:\Elektronik\STM32 Stamp (STM32F103RET6)\3.5-inch ILI9320 Display\SSD2119_DSP_Demo_My_BACKUP\SSD2119.c" Line="798">
    <parameter Name="data" TI="19186" FileName="C:\Elektronik\STM32 Stamp (STM32F103RET6)\3.5-inch ILI9320 Display\SSD2119_DSP_Demo_My_BACKUP\SSD2119.c" Line="798" Addr="0x0" Param="Yes"/>
   </function >
   <function Name="Lcd_Delay" TI="0" FileName="C:\Elektronik\STM32 Stamp (STM32F103RET6)\3.5-inch ILI9320 Display\SSD2119_DSP_Demo_My_BACKUP\SSD2119.c" Line="970">
    <parameter Name="nCount" TI="19741" FileName="C:\Elektronik\STM32 Stamp (STM32F103RET6)\3.5-inch ILI9320 Display\SSD2119_DSP_Demo_My_BACKUP\SSD2119.c" Line="970" Addr="0x0" Param="Yes"/>
   </function >
   <function Name="Lcd_Reset" TI="0" FileName="C:\Elektronik\STM32 Stamp (STM32F103RET6)\3.5-inch ILI9320 Display\SSD2119_DSP_Demo_My_BACKUP\SSD2119.c" Line="924">
   </function >
   <function Name="Lcd_WriteReg" TI="0" FileName="C:\Elektronik\STM32 Stamp (STM32F103RET6)\3.5-inch ILI9320 Display\SSD2119_DSP_Demo_My_BACKUP\SSD2119.c" Line="0">
    <parameter Name="index" TI="19186" FileName="C:\Elektronik\STM32 Stamp (STM32F103RET6)\3.5-inch ILI9320 Display\SSD2119_DSP_Demo_My_BACKUP\SSD2119.c" Line="0" Addr="0x0" Param="Yes"/>
    <parameter Name="dat" TI="19186" FileName="C:\Elektronik\STM32 Stamp (STM32F103RET6)\3.5-inch ILI9320 Display\SSD2119_DSP_Demo_My_BACKUP\SSD2119.c" Line="0" Addr="0x1" Param="Yes"/>
   </function >
   <function Name="Lcd_Configuration" TI="0" FileName="C:\Elektronik\STM32 Stamp (STM32F103RET6)\3.5-inch ILI9320 Display\SSD2119_DSP_Demo_My_BACKUP\SSD2119.c" Line="11">
    <variable Name="GPIO_InitStructure" FileName="C:\Elektronik\STM32 Stamp (STM32F103RET6)\3.5-inch ILI9320 Display\SSD2119_DSP_Demo_My_BACKUP\SSD2119.c" Line="12" Addr="0x34000004" TI="19504"/>
   </function >
   <function Name="Lcd_SetPoint" TI="0" FileName="C:\Elektronik\STM32 Stamp (STM32F103RET6)\3.5-inch ILI9320 Display\SSD2119_DSP_Demo_My_BACKUP\SSD2119.c" Line="584">
    <parameter Name="x" TI="19186" FileName="C:\Elektronik\STM32 Stamp (STM32F103RET6)\3.5-inch ILI9320 Display\SSD2119_DSP_Demo_My_BACKUP\SSD2119.c" Line="584" Addr="0x0" Param="Yes"/>
    <parameter Name="y" TI="19186" FileName="C:\Elektronik\STM32 Stamp (STM32F103RET6)\3.5-inch ILI9320 Display\SSD2119_DSP_Demo_My_BACKUP\SSD2119.c" Line="584" Addr="0x1" Param="Yes"/>
    <parameter Name="point" TI="19186" FileName="C:\Elektronik\STM32 Stamp (STM32F103RET6)\3.5-inch ILI9320 Display\SSD2119_DSP_Demo_My_BACKUP\SSD2119.c" Line="584" Addr="0x2" Param="Yes"/>
   </function >
   <function Name="Lcd_PutChar" TI="0" FileName="C:\Elektronik\STM32 Stamp (STM32F103RET6)\3.5-inch ILI9320 Display\SSD2119_DSP_Demo_My_BACKUP\SSD2119.c" Line="639">
    <parameter Name="x" TI="19186" FileName="C:\Elektronik\STM32 Stamp (STM32F103RET6)\3.5-inch ILI9320 Display\SSD2119_DSP_Demo_My_BACKUP\SSD2119.c" Line="639" Addr="0x0" Param="Yes"/>
    <parameter Name="y" TI="19186" FileName="C:\Elektronik\STM32 Stamp (STM32F103RET6)\3.5-inch ILI9320 Display\SSD2119_DSP_Demo_My_BACKUP\SSD2119.c" Line="639" Addr="0x1" Param="Yes"/>
    <parameter Name="c" TI="19198" FileName="C:\Elektronik\STM32 Stamp (STM32F103RET6)\3.5-inch ILI9320 Display\SSD2119_DSP_Demo_My_BACKUP\SSD2119.c" Line="639" Addr="0x2" Param="Yes"/>
    <parameter Name="charColor" TI="19186" FileName="C:\Elektronik\STM32 Stamp (STM32F103RET6)\3.5-inch ILI9320 Display\SSD2119_DSP_Demo_My_BACKUP\SSD2119.c" Line="639" Addr="0x3" Param="Yes"/>
    <parameter Name="bkColor" TI="19186" FileName="C:\Elektronik\STM32 Stamp (STM32F103RET6)\3.5-inch ILI9320 Display\SSD2119_DSP_Demo_My_BACKUP\SSD2119.c" Line="639" Addr="0x34000030" Param="Yes"/>
    <variable Name="i" FileName="C:\Elektronik\STM32 Stamp (STM32F103RET6)\3.5-inch ILI9320 Display\SSD2119_DSP_Demo_My_BACKUP\SSD2119.c" Line="640" Addr="0x8" TI="19186"/>
    <variable Name="tmp_char" FileName="C:\Elektronik\STM32 Stamp (STM32F103RET6)\3.5-inch ILI9320 Display\SSD2119_DSP_Demo_My_BACKUP\SSD2119.c" Line="643" Addr="0x7" TI="19198"/>
   </function >
   <function Name="Lcd_Initializtion" TI="0" FileName="C:\Elektronik\STM32 Stamp (STM32F103RET6)\3.5-inch ILI9320 Display\SSD2119_DSP_Demo_My_BACKUP\SSD2119.c" Line="42">
    <parameter Name="index" TI="19186" FileName="C:\Elektronik\STM32 Stamp (STM32F103RET6)\3.5-inch ILI9320 Display\SSD2119_DSP_Demo_My_BACKUP\SSD2119.c" Line="42" Addr="0x5" Param="Yes"/>
   </function >
   <type Family="Pointer" TI="23185" toTI="19186"/>
   <function Name="Lcd_Clear" TI="0" FileName="C:\Elektronik\STM32 Stamp (STM32F103RET6)\3.5-inch ILI9320 Display\SSD2119_DSP_Demo_My_BACKUP\SSD2119.c" Line="521">
    <parameter Name="dat" TI="19186" FileName="C:\Elektronik\STM32 Stamp (STM32F103RET6)\3.5-inch ILI9320 Display\SSD2119_DSP_Demo_My_BACKUP\SSD2119.c" Line="521" Addr="0x0" Param="Yes"/>
    <variable Name="i" FileName="C:\Elektronik\STM32 Stamp (STM32F103RET6)\3.5-inch ILI9320 Display\SSD2119_DSP_Demo_My_BACKUP\SSD2119.c" Line="522" Addr="0x4" TI="19174"/>
   </function >
   <type Family="array" ID="23768" toTI="19081"/>
   <variable Name="ascii_8x16" FileName="C:\Elektronik\STM32 Stamp (STM32F103RET6)\3.5-inch ILI9320 Display\SSD2119_DSP_Demo_My_BACKUP\SSD2119_font.h" Line="4" Addr="0x80082EC" TI="23803"/>
   <variable Name="DeviceCode" FileName="C:\Elektronik\STM32 Stamp (STM32F103RET6)\3.5-inch ILI9320 Display\SSD2119_DSP_Demo_My_BACKUP\SSD2119.c" Line="6" Addr="0x20000A94" TI="19186"/>
  </module>
  <module Name="C:\Elektronik\STM32 Stamp (STM32F103RET6)\3.5-inch ILI9320 Display\SSD2119_DSP_Demo_My_BACKUP\fft.c" >
   <type Family="Base" Name="signed char" ID="23864"/>
   <type Family="Base" Name="unsigned char" ID="23871"/>
   <type Family="Base" Name="short int" ID="23878"/>
   <type Family="Base" Name="short unsigned int" ID="23896"/>
   <type Family="typedef" Name="uint16_t" Line="58" ID="23885" toTI="23896"/>
   <type Family="Base" Name="long int" ID="23903"/>
   <type Family="Base" Name="long unsigned int" ID="23921"/>
   <type Family="typedef" Name="uint32_t" Line="84" ID="23910" toTI="23921"/>
   <type Family="Base" Name="long long int" ID="23928"/>
   <type Family="Base" Name="long long unsigned int" ID="23935"/>
   <type Family="Base" Name="int" ID="23942"/>
   <type Family="Base" Name="unsigned int" ID="23949"/>
   <type Family="typedef" Name="u32" Line="328" ID="23959" toTI="23910"/>
   <type Family="typedef" Name="u16" Line="329" ID="23971" toTI="23885"/>
   <type Family="Base" Name="char" ID="23983"/>
   <type Family="Pointer" TI="24091" toTI="23959"/>
   <type Family="array" ID="24166" toTI="23959"/>
   <variable Name="fft_output" FileName="C:\Elektronik\STM32 Stamp (STM32F103RET6)\3.5-inch ILI9320 Display\SSD2119_DSP_Demo_My_BACKUP\fft.c" Line="9" Addr="0x0" TI="24166"/>
  </module>
  <module Name="C:\Elektronik\STM32 Stamp (STM32F103RET6)\3.5-inch ILI9320 Display\SSD2119_DSP_Demo_My_BACKUP\inc\PID_C_stm32.c" >
   <type Family="Base" Name="signed char" ID="24242"/>
   <type Family="Base" Name="unsigned char" ID="24249"/>
   <type Family="Base" Name="short int" ID="24256"/>
   <type Family="Base" Name="short unsigned int" ID="24274"/>
   <type Family="typedef" Name="uint16_t" Line="58" ID="24263" toTI="24274"/>
   <type Family="Base" Name="long int" ID="24281"/>
   <type Family="Base" Name="long unsigned int" ID="24288"/>
   <type Family="Base" Name="long long int" ID="24295"/>
   <type Family="Base" Name="long long unsigned int" ID="24302"/>
   <type Family="Base" Name="int" ID="24309"/>
   <type Family="Base" Name="unsigned int" ID="24316"/>
   <type Family="Pointer" TI="24326" toTI="24263"/>
   <variable Name="PrevError" FileName="C:\Elektronik\STM32 Stamp (STM32F103RET6)\3.5-inch ILI9320 Display\SSD2119_DSP_Demo_My_BACKUP\inc\PID_C_stm32.c" Line="36" Addr="0x0" TI="24263"/>
   <variable Name="IntTerm" FileName="C:\Elektronik\STM32 Stamp (STM32F103RET6)\3.5-inch ILI9320 Display\SSD2119_DSP_Demo_My_BACKUP\inc\PID_C_stm32.c" Line="36" Addr="0x0" TI="24263"/>
   <variable Name="PrevError_C" FileName="C:\Elektronik\STM32 Stamp (STM32F103RET6)\3.5-inch ILI9320 Display\SSD2119_DSP_Demo_My_BACKUP\inc\PID_C_stm32.c" Line="37" Addr="0x0" TI="24263"/>
   <variable Name="IntTerm_C" FileName="C:\Elektronik\STM32 Stamp (STM32F103RET6)\3.5-inch ILI9320 Display\SSD2119_DSP_Demo_My_BACKUP\inc\PID_C_stm32.c" Line="37" Addr="0x0" TI="24263"/>
  </module>
  <module Name="C:\Elektronik\STM32 Stamp (STM32F103RET6)\3.5-inch ILI9320 Display\SSD2119_DSP_Demo_My_BACKUP\inc\iir_stm32.c" >
   <type Family="Base" Name="signed char" ID="24695"/>
   <type Family="Base" Name="unsigned char" ID="24702"/>
   <type Family="Base" Name="short int" ID="24720"/>
   <type Family="typedef" Name="int16_t" Line="57" ID="24709" toTI="24720"/>
   <type Family="Base" Name="short unsigned int" ID="24738"/>
   <type Family="typedef" Name="uint16_t" Line="58" ID="24727" toTI="24738"/>
   <type Family="Base" Name="long int" ID="24745"/>
   <type Family="Base" Name="long unsigned int" ID="24763"/>
   <type Family="typedef" Name="uint32_t" Line="84" ID="24752" toTI="24763"/>
   <type Family="Base" Name="long long int" ID="24770"/>
   <type Family="Base" Name="long long unsigned int" ID="24777"/>
   <type Family="Base" Name="int" ID="24784"/>
   <type Family="Base" Name="unsigned int" ID="24791"/>
   <type Family="Pointer" TI="24801" toTI="24727"/>
   <type Family="Pointer" TI="25071" toTI="24709"/>
  </module>
 </modulelist>
</aoffile>

