<!-- DWF2XML 2.00.01 - Raisonance Dwarf information extractor -->
<aoffile Header="QuickStart_STM32F103" Path="out\QuickStart_STM32F103.elf">
 <Def>
  <Col Header="DeclFile" Desc="File"/>
  <Col Header="Type" Desc="Type"/>
  <Col Header="Header" Desc="Name"/>
 </Def>
 <type Header="IRQn_Type" Icon="1" Type="type" Desc=": unsigned char" DeclFile="C:\Elektronik\STM32 Stamp (STM32F103RET6)\3.5-inch ILI9320 Display\SSD2119_DSP_Demo_My_BACKUP\stm32f10x.h" DeclLine="297" Pointer="No"/>
 <type Header="uint8_t" Icon="1" Type="type" Desc=": unsigned char" DeclFile="c:\program files (x86)\raisonance\ride\arm-gcc\arm-none-eabi\include\stdint.h" DeclLine="46" Pointer="No"/>
 <type Header="uint16_t" Icon="1" Type="type" Desc=": unsigned int" DeclFile="c:\program files (x86)\raisonance\ride\arm-gcc\arm-none-eabi\include\stdint.h" DeclLine="58" Pointer="No"/>
 <type Header="uint32_t" Icon="1" Type="type" Desc=": unsigned long" DeclFile="c:\program files (x86)\raisonance\ride\arm-gcc\arm-none-eabi\include\stdint.h" DeclLine="84" Pointer="No"/>
 <type Header="u32" Icon="1" Type="type" Desc=": unsigned long" DeclFile="C:\Elektronik\STM32 Stamp (STM32F103RET6)\3.5-inch ILI9320 Display\SSD2119_DSP_Demo_My_BACKUP\stm32f10x.h" DeclLine="328" Pointer="No"/>
 <type Header="u16" Icon="1" Type="type" Desc=": unsigned int" DeclFile="C:\Elektronik\STM32 Stamp (STM32F103RET6)\3.5-inch ILI9320 Display\SSD2119_DSP_Demo_My_BACKUP\stm32f10x.h" DeclLine="329" Pointer="No"/>
 <type Header="u8" Icon="1" Type="type" Desc=": unsigned char" DeclFile="C:\Elektronik\STM32 Stamp (STM32F103RET6)\3.5-inch ILI9320 Display\SSD2119_DSP_Demo_My_BACKUP\stm32f10x.h" DeclLine="330" Pointer="No"/>
 <type Header="FunctionalState" Icon="1" Type="type" Desc=": unsigned char" DeclFile="C:\Elektronik\STM32 Stamp (STM32F103RET6)\3.5-inch ILI9320 Display\SSD2119_DSP_Demo_My_BACKUP\stm32f10x.h" DeclLine="350" Pointer="No"/>
 <type Header="ErrorStatus" Icon="1" Type="type" Desc=": unsigned char" DeclFile="C:\Elektronik\STM32 Stamp (STM32F103RET6)\3.5-inch ILI9320 Display\SSD2119_DSP_Demo_My_BACKUP\stm32f10x.h" DeclLine="353" Pointer="No"/>
 <type Header="ADC_InitTypeDef" Icon="1" Type="type" Desc=": struct " DeclFile="C:\Elektronik\STM32 Stamp (STM32F103RET6)\3.5-inch ILI9320 Display\SSD2119_DSP_Demo_My_BACKUP\inc\stm32f10x_adc.h" DeclLine="73" Pointer="No"/>
 <type Header="GPIOSpeed_TypeDef" Icon="1" Type="type" Desc=": unsigned char" DeclFile="C:\Elektronik\STM32 Stamp (STM32F103RET6)\3.5-inch ILI9320 Display\SSD2119_DSP_Demo_My_BACKUP\inc\stm32f10x_gpio.h" DeclLine="62" Pointer="No"/>
 <type Header="GPIOMode_TypeDef" Icon="1" Type="type" Desc=": unsigned char" DeclFile="C:\Elektronik\STM32 Stamp (STM32F103RET6)\3.5-inch ILI9320 Display\SSD2119_DSP_Demo_My_BACKUP\inc\stm32f10x_gpio.h" DeclLine="79" Pointer="No"/>
 <type Header="GPIO_InitTypeDef" Icon="1" Type="type" Desc=": struct " DeclFile="C:\Elektronik\STM32 Stamp (STM32F103RET6)\3.5-inch ILI9320 Display\SSD2119_DSP_Demo_My_BACKUP\inc\stm32f10x_gpio.h" DeclLine="100" Pointer="No"/>
 <func Header="TimingDelay_Decrement" Icon="3" Type="func" Desc=":   void" DeclFile="C:\Elektronik\STM32 Stamp (STM32F103RET6)\3.5-inch ILI9320 Display\SSD2119_DSP_Demo_My_BACKUP\main.c" DeclLine="366"/>
 <func Header="NVIC_Configuration" Icon="3" Type="func" Desc=":   void" DeclFile="C:\Elektronik\STM32 Stamp (STM32F103RET6)\3.5-inch ILI9320 Display\SSD2119_DSP_Demo_My_BACKUP\main.c" DeclLine="341"/>
 <func Header="ADC_Configuration" Icon="3" Type="func" Desc=":   void" DeclFile="C:\Elektronik\STM32 Stamp (STM32F103RET6)\3.5-inch ILI9320 Display\SSD2119_DSP_Demo_My_BACKUP\main.c" DeclLine="300"/>
 <func Header="GPIO_Configuration" Icon="3" Type="func" Desc=":   void" DeclFile="C:\Elektronik\STM32 Stamp (STM32F103RET6)\3.5-inch ILI9320 Display\SSD2119_DSP_Demo_My_BACKUP\main.c" DeclLine="283"/>
 <func Header="RCC_Configuration" Icon="3" Type="func" Desc=":   void" DeclFile="C:\Elektronik\STM32 Stamp (STM32F103RET6)\3.5-inch ILI9320 Display\SSD2119_DSP_Demo_My_BACKUP\main.c" DeclLine="221"/>
 <func Header="GetSamples" Icon="3" Type="func" Desc=":   unsigned int" DeclFile="C:\Elektronik\STM32 Stamp (STM32F103RET6)\3.5-inch ILI9320 Display\SSD2119_DSP_Demo_My_BACKUP\main.c" DeclLine="154"/>
 <func Header="main" Icon="3" Type="func" Desc=":   long" DeclFile="C:\Elektronik\STM32 Stamp (STM32F103RET6)\3.5-inch ILI9320 Display\SSD2119_DSP_Demo_My_BACKUP\main.c" DeclLine="78"/>
 <variable Header="TimingDelay" Icon="2" Type="variable" Desc=":   unsigned long" DeclFile="C:\Elektronik\STM32 Stamp (STM32F103RET6)\3.5-inch ILI9320 Display\SSD2119_DSP_Demo_My_BACKUP\main.c" DeclLine="46" Pointer="No"/>
 <variable Header="SampleBuffer" Icon="2" Type="variable" Desc=":   long[322]" DeclFile="C:\Elektronik\STM32 Stamp (STM32F103RET6)\3.5-inch ILI9320 Display\SSD2119_DSP_Demo_My_BACKUP\main.c" DeclLine="30" Pointer="No"/>
 <variable Header="HSEStartUpStatus" Icon="2" Type="variable" Desc=":   unsigned char" DeclFile="C:\Elektronik\STM32 Stamp (STM32F103RET6)\3.5-inch ILI9320 Display\SSD2119_DSP_Demo_My_BACKUP\main.c" DeclLine="38" Pointer="No"/>
 <variable Header="ADC_InitStructure" Icon="2" Type="variable" Desc=":   struct " DeclFile="C:\Elektronik\STM32 Stamp (STM32F103RET6)\3.5-inch ILI9320 Display\SSD2119_DSP_Demo_My_BACKUP\main.c" DeclLine="39" Pointer="No"/>
 <variable Header="TouchX" Icon="2" Type="variable" Desc=":   long" DeclFile="C:\Elektronik\STM32 Stamp (STM32F103RET6)\3.5-inch ILI9320 Display\SSD2119_DSP_Demo_My_BACKUP\main.c" DeclLine="60" Pointer="No"/>
 <variable Header="TouchY" Icon="2" Type="variable" Desc=":   long" DeclFile="C:\Elektronik\STM32 Stamp (STM32F103RET6)\3.5-inch ILI9320 Display\SSD2119_DSP_Demo_My_BACKUP\main.c" DeclLine="60" Pointer="No"/>
 <variable Header="string_tmp" Icon="2" Type="variable" Desc=":   unsigned char[40]" DeclFile="C:\Elektronik\STM32 Stamp (STM32F103RET6)\3.5-inch ILI9320 Display\SSD2119_DSP_Demo_My_BACKUP\main.c" DeclLine="62" Pointer="No"/>
 <variable Header="i" Icon="2" Type="variable" Desc=":   unsigned int" DeclFile="C:\Elektronik\STM32 Stamp (STM32F103RET6)\3.5-inch ILI9320 Display\SSD2119_DSP_Demo_My_BACKUP\main.c" DeclLine="63" Pointer="No"/>
 <type Header="uint8_t" Icon="1" Type="type" Desc=": unsigned char" DeclFile="c:\program files (x86)\raisonance\ride\arm-gcc\arm-none-eabi\include\stdint.h" DeclLine="46" Pointer="No"/>
 <type Header="uint32_t" Icon="1" Type="type" Desc=": unsigned long" DeclFile="c:\program files (x86)\raisonance\ride\arm-gcc\arm-none-eabi\include\stdint.h" DeclLine="84" Pointer="No"/>
 <type Header="FunctionalState" Icon="1" Type="type" Desc=": unsigned char" DeclFile="C:\Elektronik\STM32 Stamp (STM32F103RET6)\3.5-inch ILI9320 Display\SSD2119_DSP_Demo_My_BACKUP\stm32f10x.h" DeclLine="350" Pointer="No"/>
 <type Header="NVIC_InitTypeDef" Icon="1" Type="type" Desc=": struct " DeclFile="C:\Elektronik\STM32 Stamp (STM32F103RET6)\3.5-inch ILI9320 Display\SSD2119_DSP_Demo_My_BACKUP\inc\misc.h" DeclLine="67" Pointer="No"/>
 <func Header="NVIC_SetVectorTable" Icon="3" Type="func" Desc=":   void" DeclFile="C:\Elektronik\STM32 Stamp (STM32F103RET6)\3.5-inch ILI9320 Display\SSD2119_DSP_Demo_My_BACKUP\inc\misc.c" DeclLine="155"/>
 <type Header="uint8_t" Icon="1" Type="type" Desc=": unsigned char" DeclFile="c:\program files (x86)\raisonance\ride\arm-gcc\arm-none-eabi\include\stdint.h" DeclLine="46" Pointer="No"/>
 <type Header="uint16_t" Icon="1" Type="type" Desc=": unsigned int" DeclFile="c:\program files (x86)\raisonance\ride\arm-gcc\arm-none-eabi\include\stdint.h" DeclLine="58" Pointer="No"/>
 <type Header="uint32_t" Icon="1" Type="type" Desc=": unsigned long" DeclFile="c:\program files (x86)\raisonance\ride\arm-gcc\arm-none-eabi\include\stdint.h" DeclLine="84" Pointer="No"/>
 <type Header="FlagStatus" Icon="1" Type="type" Desc=": unsigned char" DeclFile="C:\Elektronik\STM32 Stamp (STM32F103RET6)\3.5-inch ILI9320 Display\SSD2119_DSP_Demo_My_BACKUP\stm32f10x.h" DeclLine="348" Pointer="No"/>
 <type Header="ITStatus" Icon="1" Type="type" Desc=": unsigned char" DeclFile="C:\Elektronik\STM32 Stamp (STM32F103RET6)\3.5-inch ILI9320 Display\SSD2119_DSP_Demo_My_BACKUP\stm32f10x.h" DeclLine="348" Pointer="No"/>
 <type Header="FunctionalState" Icon="1" Type="type" Desc=": unsigned char" DeclFile="C:\Elektronik\STM32 Stamp (STM32F103RET6)\3.5-inch ILI9320 Display\SSD2119_DSP_Demo_My_BACKUP\stm32f10x.h" DeclLine="350" Pointer="No"/>
 <type Header="ADC_TypeDef" Icon="1" Type="type" Desc=": struct " DeclFile="C:\Elektronik\STM32 Stamp (STM32F103RET6)\3.5-inch ILI9320 Display\SSD2119_DSP_Demo_My_BACKUP\stm32f10x.h" DeclLine="389" Pointer="No"/>
 <type Header="ADC_InitTypeDef" Icon="1" Type="type" Desc=": struct " DeclFile="C:\Elektronik\STM32 Stamp (STM32F103RET6)\3.5-inch ILI9320 Display\SSD2119_DSP_Demo_My_BACKUP\inc\stm32f10x_adc.h" DeclLine="73" Pointer="No"/>
 <func Header="ADC_Init" Icon="3" Type="func" Desc=":   void" DeclFile="C:\Elektronik\STM32 Stamp (STM32F103RET6)\3.5-inch ILI9320 Display\SSD2119_DSP_Demo_My_BACKUP\inc\stm32f10x_adc.c" DeclLine="218"/>
 <func Header="ADC_Cmd" Icon="3" Type="func" Desc=":   void" DeclFile="C:\Elektronik\STM32 Stamp (STM32F103RET6)\3.5-inch ILI9320 Display\SSD2119_DSP_Demo_My_BACKUP\inc\stm32f10x_adc.c" DeclLine="299"/>
 <func Header="ADC_ResetCalibration" Icon="3" Type="func" Desc=":   void" DeclFile="C:\Elektronik\STM32 Stamp (STM32F103RET6)\3.5-inch ILI9320 Display\SSD2119_DSP_Demo_My_BACKUP\inc\stm32f10x_adc.c" DeclLine="379"/>
 <func Header="ADC_GetResetCalibrationStatus" Icon="3" Type="func" Desc=":   unsigned char" DeclFile="C:\Elektronik\STM32 Stamp (STM32F103RET6)\3.5-inch ILI9320 Display\SSD2119_DSP_Demo_My_BACKUP\inc\stm32f10x_adc.c" DeclLine="392"/>
 <func Header="ADC_StartCalibration" Icon="3" Type="func" Desc=":   void" DeclFile="C:\Elektronik\STM32 Stamp (STM32F103RET6)\3.5-inch ILI9320 Display\SSD2119_DSP_Demo_My_BACKUP\inc\stm32f10x_adc.c" DeclLine="417"/>
 <func Header="ADC_GetCalibrationStatus" Icon="3" Type="func" Desc=":   unsigned char" DeclFile="C:\Elektronik\STM32 Stamp (STM32F103RET6)\3.5-inch ILI9320 Display\SSD2119_DSP_Demo_My_BACKUP\inc\stm32f10x_adc.c" DeclLine="430"/>
 <func Header="ADC_SoftwareStartConvCmd" Icon="3" Type="func" Desc=":   void" DeclFile="C:\Elektronik\STM32 Stamp (STM32F103RET6)\3.5-inch ILI9320 Display\SSD2119_DSP_Demo_My_BACKUP\inc\stm32f10x_adc.c" DeclLine="457"/>
 <func Header="ADC_GetSoftwareStartConvStatus" Icon="3" Type="func" Desc=":   unsigned char" DeclFile="C:\Elektronik\STM32 Stamp (STM32F103RET6)\3.5-inch ILI9320 Display\SSD2119_DSP_Demo_My_BACKUP\inc\stm32f10x_adc.c" DeclLine="481"/>
 <func Header="ADC_RegularChannelConfig" Icon="3" Type="func" Desc=":   void" DeclFile="C:\Elektronik\STM32 Stamp (STM32F103RET6)\3.5-inch ILI9320 Display\SSD2119_DSP_Demo_My_BACKUP\inc\stm32f10x_adc.c" DeclLine="590"/>
 <func Header="ADC_GetConversionValue" Icon="3" Type="func" Desc=":   unsigned int" DeclFile="C:\Elektronik\STM32 Stamp (STM32F103RET6)\3.5-inch ILI9320 Display\SSD2119_DSP_Demo_My_BACKUP\inc\stm32f10x_adc.c" DeclLine="708"/>
 <type Header="uint8_t" Icon="1" Type="type" Desc=": unsigned char" DeclFile="c:\program files (x86)\raisonance\ride\arm-gcc\arm-none-eabi\include\stdint.h" DeclLine="46" Pointer="No"/>
 <type Header="uint16_t" Icon="1" Type="type" Desc=": unsigned int" DeclFile="c:\program files (x86)\raisonance\ride\arm-gcc\arm-none-eabi\include\stdint.h" DeclLine="58" Pointer="No"/>
 <type Header="uint32_t" Icon="1" Type="type" Desc=": unsigned long" DeclFile="c:\program files (x86)\raisonance\ride\arm-gcc\arm-none-eabi\include\stdint.h" DeclLine="84" Pointer="No"/>
 <type Header="FlagStatus" Icon="1" Type="type" Desc=": unsigned char" DeclFile="C:\Elektronik\STM32 Stamp (STM32F103RET6)\3.5-inch ILI9320 Display\SSD2119_DSP_Demo_My_BACKUP\stm32f10x.h" DeclLine="348" Pointer="No"/>
 <type Header="FunctionalState" Icon="1" Type="type" Desc=": unsigned char" DeclFile="C:\Elektronik\STM32 Stamp (STM32F103RET6)\3.5-inch ILI9320 Display\SSD2119_DSP_Demo_My_BACKUP\stm32f10x.h" DeclLine="350" Pointer="No"/>
 <type Header="FLASH_Status" Icon="1" Type="type" Desc=": unsigned char" DeclFile="C:\Elektronik\STM32 Stamp (STM32F103RET6)\3.5-inch ILI9320 Display\SSD2119_DSP_Demo_My_BACKUP\inc\stm32f10x_flash.h" DeclLine="56" Pointer="No"/>
 <func Header="FLASH_SetLatency" Icon="3" Type="func" Desc=":   void" DeclFile="C:\Elektronik\STM32 Stamp (STM32F103RET6)\3.5-inch ILI9320 Display\SSD2119_DSP_Demo_My_BACKUP\inc\stm32f10x_flash.c" DeclLine="126"/>
 <func Header="FLASH_PrefetchBufferCmd" Icon="3" Type="func" Desc=":   void" DeclFile="C:\Elektronik\STM32 Stamp (STM32F103RET6)\3.5-inch ILI9320 Display\SSD2119_DSP_Demo_My_BACKUP\inc\stm32f10x_flash.c" DeclLine="170"/>
 <type Header="uint8_t" Icon="1" Type="type" Desc=": unsigned char" DeclFile="c:\program files (x86)\raisonance\ride\arm-gcc\arm-none-eabi\include\stdint.h" DeclLine="46" Pointer="No"/>
 <type Header="uint16_t" Icon="1" Type="type" Desc=": unsigned int" DeclFile="c:\program files (x86)\raisonance\ride\arm-gcc\arm-none-eabi\include\stdint.h" DeclLine="58" Pointer="No"/>
 <type Header="uint32_t" Icon="1" Type="type" Desc=": unsigned long" DeclFile="c:\program files (x86)\raisonance\ride\arm-gcc\arm-none-eabi\include\stdint.h" DeclLine="84" Pointer="No"/>
 <type Header="FunctionalState" Icon="1" Type="type" Desc=": unsigned char" DeclFile="C:\Elektronik\STM32 Stamp (STM32F103RET6)\3.5-inch ILI9320 Display\SSD2119_DSP_Demo_My_BACKUP\stm32f10x.h" DeclLine="350" Pointer="No"/>
 <type Header="GPIO_TypeDef" Icon="1" Type="type" Desc=": struct " DeclFile="C:\Elektronik\STM32 Stamp (STM32F103RET6)\3.5-inch ILI9320 Display\SSD2119_DSP_Demo_My_BACKUP\stm32f10x.h" DeclLine="810" Pointer="No"/>
 <type Header="GPIOSpeed_TypeDef" Icon="1" Type="type" Desc=": unsigned char" DeclFile="C:\Elektronik\STM32 Stamp (STM32F103RET6)\3.5-inch ILI9320 Display\SSD2119_DSP_Demo_My_BACKUP\inc\stm32f10x_gpio.h" DeclLine="62" Pointer="No"/>
 <type Header="GPIOMode_TypeDef" Icon="1" Type="type" Desc=": unsigned char" DeclFile="C:\Elektronik\STM32 Stamp (STM32F103RET6)\3.5-inch ILI9320 Display\SSD2119_DSP_Demo_My_BACKUP\inc\stm32f10x_gpio.h" DeclLine="79" Pointer="No"/>
 <type Header="GPIO_InitTypeDef" Icon="1" Type="type" Desc=": struct " DeclFile="C:\Elektronik\STM32 Stamp (STM32F103RET6)\3.5-inch ILI9320 Display\SSD2119_DSP_Demo_My_BACKUP\inc\stm32f10x_gpio.h" DeclLine="100" Pointer="No"/>
 <type Header="BitAction" Icon="1" Type="type" Desc=": unsigned char" DeclFile="C:\Elektronik\STM32 Stamp (STM32F103RET6)\3.5-inch ILI9320 Display\SSD2119_DSP_Demo_My_BACKUP\inc\stm32f10x_gpio.h" DeclLine="110" Pointer="No"/>
 <func Header="GPIO_Init" Icon="3" Type="func" Desc=":   void" DeclFile="C:\Elektronik\STM32 Stamp (STM32F103RET6)\3.5-inch ILI9320 Display\SSD2119_DSP_Demo_My_BACKUP\inc\stm32f10x_gpio.c" DeclLine="173"/>
 <func Header="GPIO_ReadInputDataBit" Icon="3" Type="func" Desc=":   unsigned char" DeclFile="C:\Elektronik\STM32 Stamp (STM32F103RET6)\3.5-inch ILI9320 Display\SSD2119_DSP_Demo_My_BACKUP\inc\stm32f10x_gpio.c" DeclLine="281"/>
 <func Header="GPIO_SetBits" Icon="3" Type="func" Desc=":   void" DeclFile="C:\Elektronik\STM32 Stamp (STM32F103RET6)\3.5-inch ILI9320 Display\SSD2119_DSP_Demo_My_BACKUP\inc\stm32f10x_gpio.c" DeclLine="358"/>
 <func Header="GPIO_ResetBits" Icon="3" Type="func" Desc=":   void" DeclFile="C:\Elektronik\STM32 Stamp (STM32F103RET6)\3.5-inch ILI9320 Display\SSD2119_DSP_Demo_My_BACKUP\inc\stm32f10x_gpio.c" DeclLine="374"/>
 <type Header="uint8_t" Icon="1" Type="type" Desc=": unsigned char" DeclFile="c:\program files (x86)\raisonance\ride\arm-gcc\arm-none-eabi\include\stdint.h" DeclLine="46" Pointer="No"/>
 <type Header="uint32_t" Icon="1" Type="type" Desc=": unsigned long" DeclFile="c:\program files (x86)\raisonance\ride\arm-gcc\arm-none-eabi\include\stdint.h" DeclLine="84" Pointer="No"/>
 <type Header="FlagStatus" Icon="1" Type="type" Desc=": unsigned char" DeclFile="C:\Elektronik\STM32 Stamp (STM32F103RET6)\3.5-inch ILI9320 Display\SSD2119_DSP_Demo_My_BACKUP\stm32f10x.h" DeclLine="348" Pointer="No"/>
 <type Header="ITStatus" Icon="1" Type="type" Desc=": unsigned char" DeclFile="C:\Elektronik\STM32 Stamp (STM32F103RET6)\3.5-inch ILI9320 Display\SSD2119_DSP_Demo_My_BACKUP\stm32f10x.h" DeclLine="348" Pointer="No"/>
 <type Header="FunctionalState" Icon="1" Type="type" Desc=": unsigned char" DeclFile="C:\Elektronik\STM32 Stamp (STM32F103RET6)\3.5-inch ILI9320 Display\SSD2119_DSP_Demo_My_BACKUP\stm32f10x.h" DeclLine="350" Pointer="No"/>
 <type Header="ErrorStatus" Icon="1" Type="type" Desc=": unsigned char" DeclFile="C:\Elektronik\STM32 Stamp (STM32F103RET6)\3.5-inch ILI9320 Display\SSD2119_DSP_Demo_My_BACKUP\stm32f10x.h" DeclLine="353" Pointer="No"/>
 <type Header="RCC_ClocksTypeDef" Icon="1" Type="type" Desc=": struct " DeclFile="C:\Elektronik\STM32 Stamp (STM32F103RET6)\3.5-inch ILI9320 Display\SSD2119_DSP_Demo_My_BACKUP\inc\stm32f10x_rcc.h" DeclLine="52" Pointer="No"/>
 <func Header="RCC_DeInit" Icon="3" Type="func" Desc=":   void" DeclFile="C:\Elektronik\STM32 Stamp (STM32F103RET6)\3.5-inch ILI9320 Display\SSD2119_DSP_Demo_My_BACKUP\inc\stm32f10x_rcc.c" DeclLine="225"/>
 <func Header="RCC_HSEConfig" Icon="3" Type="func" Desc=":   void" DeclFile="C:\Elektronik\STM32 Stamp (STM32F103RET6)\3.5-inch ILI9320 Display\SSD2119_DSP_Demo_My_BACKUP\inc\stm32f10x_rcc.c" DeclLine="271"/>
 <func Header="RCC_PLLConfig" Icon="3" Type="func" Desc=":   void" DeclFile="C:\Elektronik\STM32 Stamp (STM32F103RET6)\3.5-inch ILI9320 Display\SSD2119_DSP_Demo_My_BACKUP\inc\stm32f10x_rcc.c" DeclLine="379"/>
 <func Header="RCC_PLLCmd" Icon="3" Type="func" Desc=":   void" DeclFile="C:\Elektronik\STM32 Stamp (STM32F103RET6)\3.5-inch ILI9320 Display\SSD2119_DSP_Demo_My_BACKUP\inc\stm32f10x_rcc.c" DeclLine="402"/>
 <func Header="RCC_SYSCLKConfig" Icon="3" Type="func" Desc=":   void" DeclFile="C:\Elektronik\STM32 Stamp (STM32F103RET6)\3.5-inch ILI9320 Display\SSD2119_DSP_Demo_My_BACKUP\inc\stm32f10x_rcc.c" DeclLine="561"/>
 <func Header="RCC_GetSYSCLKSource" Icon="3" Type="func" Desc=":   unsigned char" DeclFile="C:\Elektronik\STM32 Stamp (STM32F103RET6)\3.5-inch ILI9320 Display\SSD2119_DSP_Demo_My_BACKUP\inc\stm32f10x_rcc.c" DeclLine="584"/>
 <func Header="RCC_HCLKConfig" Icon="3" Type="func" Desc=":   void" DeclFile="C:\Elektronik\STM32 Stamp (STM32F103RET6)\3.5-inch ILI9320 Display\SSD2119_DSP_Demo_My_BACKUP\inc\stm32f10x_rcc.c" DeclLine="605"/>
 <func Header="RCC_PCLK1Config" Icon="3" Type="func" Desc=":   void" DeclFile="C:\Elektronik\STM32 Stamp (STM32F103RET6)\3.5-inch ILI9320 Display\SSD2119_DSP_Demo_My_BACKUP\inc\stm32f10x_rcc.c" DeclLine="631"/>
 <func Header="RCC_PCLK2Config" Icon="3" Type="func" Desc=":   void" DeclFile="C:\Elektronik\STM32 Stamp (STM32F103RET6)\3.5-inch ILI9320 Display\SSD2119_DSP_Demo_My_BACKUP\inc\stm32f10x_rcc.c" DeclLine="657"/>
 <func Header="RCC_APB2PeriphClockCmd" Icon="3" Type="func" Desc=":   void" DeclFile="C:\Elektronik\STM32 Stamp (STM32F103RET6)\3.5-inch ILI9320 Display\SSD2119_DSP_Demo_My_BACKUP\inc\stm32f10x_rcc.c" DeclLine="1077"/>
 <func Header="RCC_GetFlagStatus" Icon="3" Type="func" Desc=":   unsigned char" DeclFile="C:\Elektronik\STM32 Stamp (STM32F103RET6)\3.5-inch ILI9320 Display\SSD2119_DSP_Demo_My_BACKUP\inc\stm32f10x_rcc.c" DeclLine="1304"/>
 <func Header="RCC_WaitForHSEStartUp" Icon="3" Type="func" Desc=":   unsigned char" DeclFile="C:\Elektronik\STM32 Stamp (STM32F103RET6)\3.5-inch ILI9320 Display\SSD2119_DSP_Demo_My_BACKUP\inc\stm32f10x_rcc.c" DeclLine="305"/>
 <variable Header="APBAHBPrescTable" Icon="2" Type="variable" Desc=":   unsigned char[16]" DeclFile="C:\Elektronik\STM32 Stamp (STM32F103RET6)\3.5-inch ILI9320 Display\SSD2119_DSP_Demo_My_BACKUP\inc\stm32f10x_rcc.c" DeclLine="200" Pointer="No"/>
 <variable Header="ADCPrescTable" Icon="2" Type="variable" Desc=":   unsigned char[4]" DeclFile="C:\Elektronik\STM32 Stamp (STM32F103RET6)\3.5-inch ILI9320 Display\SSD2119_DSP_Demo_My_BACKUP\inc\stm32f10x_rcc.c" DeclLine="201" Pointer="No"/>
 <func Header="NMI_Handler" Icon="3" Type="func" Desc=":   void" DeclFile="C:\Elektronik\STM32 Stamp (STM32F103RET6)\3.5-inch ILI9320 Display\SSD2119_DSP_Demo_My_BACKUP\inc\stm32f10x_it.c" DeclLine="51"/>
 <func Header="HardFault_Handler" Icon="3" Type="func" Desc=":   void" DeclFile="C:\Elektronik\STM32 Stamp (STM32F103RET6)\3.5-inch ILI9320 Display\SSD2119_DSP_Demo_My_BACKUP\inc\stm32f10x_it.c" DeclLine="60"/>
 <func Header="MemManage_Handler" Icon="3" Type="func" Desc=":   void" DeclFile="C:\Elektronik\STM32 Stamp (STM32F103RET6)\3.5-inch ILI9320 Display\SSD2119_DSP_Demo_My_BACKUP\inc\stm32f10x_it.c" DeclLine="73"/>
 <func Header="BusFault_Handler" Icon="3" Type="func" Desc=":   void" DeclFile="C:\Elektronik\STM32 Stamp (STM32F103RET6)\3.5-inch ILI9320 Display\SSD2119_DSP_Demo_My_BACKUP\inc\stm32f10x_it.c" DeclLine="86"/>
 <func Header="UsageFault_Handler" Icon="3" Type="func" Desc=":   void" DeclFile="C:\Elektronik\STM32 Stamp (STM32F103RET6)\3.5-inch ILI9320 Display\SSD2119_DSP_Demo_My_BACKUP\inc\stm32f10x_it.c" DeclLine="99"/>
 <func Header="SVC_Handler" Icon="3" Type="func" Desc=":   void" DeclFile="C:\Elektronik\STM32 Stamp (STM32F103RET6)\3.5-inch ILI9320 Display\SSD2119_DSP_Demo_My_BACKUP\inc\stm32f10x_it.c" DeclLine="112"/>
 <func Header="DebugMon_Handler" Icon="3" Type="func" Desc=":   void" DeclFile="C:\Elektronik\STM32 Stamp (STM32F103RET6)\3.5-inch ILI9320 Display\SSD2119_DSP_Demo_My_BACKUP\inc\stm32f10x_it.c" DeclLine="121"/>
 <func Header="PendSV_Handler" Icon="3" Type="func" Desc=":   void" DeclFile="C:\Elektronik\STM32 Stamp (STM32F103RET6)\3.5-inch ILI9320 Display\SSD2119_DSP_Demo_My_BACKUP\inc\stm32f10x_it.c" DeclLine="130"/>
 <func Header="SysTick_Handler" Icon="3" Type="func" Desc=":   void" DeclFile="C:\Elektronik\STM32 Stamp (STM32F103RET6)\3.5-inch ILI9320 Display\SSD2119_DSP_Demo_My_BACKUP\inc\stm32f10x_it.c" DeclLine="139"/>
 <type Header="uint32_t" Icon="1" Type="type" Desc=": unsigned long" DeclFile="c:\program files (x86)\raisonance\ride\arm-gcc\arm-none-eabi\include\stdint.h" DeclLine="84" Pointer="No"/>
 <variable Header="SystemFrequency" Icon="2" Type="variable" Desc=":   unsigned long" DeclFile="C:\Elektronik\STM32 Stamp (STM32F103RET6)\3.5-inch ILI9320 Display\SSD2119_DSP_Demo_My_BACKUP\system_stm32f10x.c" DeclLine="105" Pointer="No"/>
 <variable Header="SystemFrequency_SysClk" Icon="2" Type="variable" Desc=":   unsigned long" DeclFile="C:\Elektronik\STM32 Stamp (STM32F103RET6)\3.5-inch ILI9320 Display\SSD2119_DSP_Demo_My_BACKUP\system_stm32f10x.c" DeclLine="106" Pointer="No"/>
 <variable Header="SystemFrequency_AHBClk" Icon="2" Type="variable" Desc=":   unsigned long" DeclFile="C:\Elektronik\STM32 Stamp (STM32F103RET6)\3.5-inch ILI9320 Display\SSD2119_DSP_Demo_My_BACKUP\system_stm32f10x.c" DeclLine="107" Pointer="No"/>
 <variable Header="SystemFrequency_APB1Clk" Icon="2" Type="variable" Desc=":   unsigned long" DeclFile="C:\Elektronik\STM32 Stamp (STM32F103RET6)\3.5-inch ILI9320 Display\SSD2119_DSP_Demo_My_BACKUP\system_stm32f10x.c" DeclLine="108" Pointer="No"/>
 <variable Header="SystemFrequency_APB2Clk" Icon="2" Type="variable" Desc=":   unsigned long" DeclFile="C:\Elektronik\STM32 Stamp (STM32F103RET6)\3.5-inch ILI9320 Display\SSD2119_DSP_Demo_My_BACKUP\system_stm32f10x.c" DeclLine="109" Pointer="No"/>
 <type Header="uint8_t" Icon="1" Type="type" Desc=": unsigned char" DeclFile="c:\program files (x86)\raisonance\ride\arm-gcc\arm-none-eabi\include\stdint.h" DeclLine="46" Pointer="No"/>
 <type Header="uint16_t" Icon="1" Type="type" Desc=": unsigned int" DeclFile="c:\program files (x86)\raisonance\ride\arm-gcc\arm-none-eabi\include\stdint.h" DeclLine="58" Pointer="No"/>
 <type Header="uint32_t" Icon="1" Type="type" Desc=": unsigned long" DeclFile="c:\program files (x86)\raisonance\ride\arm-gcc\arm-none-eabi\include\stdint.h" DeclLine="84" Pointer="No"/>
 <type Header="FlagStatus" Icon="1" Type="type" Desc=": unsigned char" DeclFile="C:\Elektronik\STM32 Stamp (STM32F103RET6)\3.5-inch ILI9320 Display\SSD2119_DSP_Demo_My_BACKUP\stm32f10x.h" DeclLine="348" Pointer="No"/>
 <type Header="ITStatus" Icon="1" Type="type" Desc=": unsigned char" DeclFile="C:\Elektronik\STM32 Stamp (STM32F103RET6)\3.5-inch ILI9320 Display\SSD2119_DSP_Demo_My_BACKUP\stm32f10x.h" DeclLine="348" Pointer="No"/>
 <type Header="FunctionalState" Icon="1" Type="type" Desc=": unsigned char" DeclFile="C:\Elektronik\STM32 Stamp (STM32F103RET6)\3.5-inch ILI9320 Display\SSD2119_DSP_Demo_My_BACKUP\stm32f10x.h" DeclLine="350" Pointer="No"/>
 <type Header="SPI_TypeDef" Icon="1" Type="type" Desc=": struct " DeclFile="C:\Elektronik\STM32 Stamp (STM32F103RET6)\3.5-inch ILI9320 Display\SSD2119_DSP_Demo_My_BACKUP\stm32f10x.h" DeclLine="972" Pointer="No"/>
 <type Header="RCC_ClocksTypeDef" Icon="1" Type="type" Desc=": struct " DeclFile="C:\Elektronik\STM32 Stamp (STM32F103RET6)\3.5-inch ILI9320 Display\SSD2119_DSP_Demo_My_BACKUP\inc\stm32f10x_rcc.h" DeclLine="52" Pointer="No"/>
 <type Header="SPI_InitTypeDef" Icon="1" Type="type" Desc=": struct " DeclFile="C:\Elektronik\STM32 Stamp (STM32F103RET6)\3.5-inch ILI9320 Display\SSD2119_DSP_Demo_My_BACKUP\inc\stm32f10x_spi.h" DeclLine="80" Pointer="No"/>
 <type Header="I2S_InitTypeDef" Icon="1" Type="type" Desc=": struct " DeclFile="C:\Elektronik\STM32 Stamp (STM32F103RET6)\3.5-inch ILI9320 Display\SSD2119_DSP_Demo_My_BACKUP\inc\stm32f10x_spi.h" DeclLine="106" Pointer="No"/>
 <type Header="uint16_t" Icon="1" Type="type" Desc=": unsigned int" DeclFile="c:\program files (x86)\raisonance\ride\arm-gcc\arm-none-eabi\include\stdint.h" DeclLine="58" Pointer="No"/>
 <type Header="uint32_t" Icon="1" Type="type" Desc=": unsigned long" DeclFile="c:\program files (x86)\raisonance\ride\arm-gcc\arm-none-eabi\include\stdint.h" DeclLine="84" Pointer="No"/>
 <type Header="GPIOSpeed_TypeDef" Icon="1" Type="type" Desc=": unsigned char" DeclFile="C:\Elektronik\STM32 Stamp (STM32F103RET6)\3.5-inch ILI9320 Display\SSD2119_DSP_Demo_My_BACKUP\inc\stm32f10x_gpio.h" DeclLine="62" Pointer="No"/>
 <type Header="GPIOMode_TypeDef" Icon="1" Type="type" Desc=": unsigned char" DeclFile="C:\Elektronik\STM32 Stamp (STM32F103RET6)\3.5-inch ILI9320 Display\SSD2119_DSP_Demo_My_BACKUP\inc\stm32f10x_gpio.h" DeclLine="79" Pointer="No"/>
 <type Header="GPIO_InitTypeDef" Icon="1" Type="type" Desc=": struct " DeclFile="C:\Elektronik\STM32 Stamp (STM32F103RET6)\3.5-inch ILI9320 Display\SSD2119_DSP_Demo_My_BACKUP\inc\stm32f10x_gpio.h" DeclLine="100" Pointer="No"/>
 <func Header="Delayus" Icon="3" Type="func" Desc=":   void" DeclFile="C:\Elektronik\STM32 Stamp (STM32F103RET6)\3.5-inch ILI9320 Display\SSD2119_DSP_Demo_My_BACKUP\ads7843drv.c" DeclLine="7"/>
 <func Header="WR_CMD" Icon="3" Type="func" Desc=":   void" DeclFile="C:\Elektronik\STM32 Stamp (STM32F103RET6)\3.5-inch ILI9320 Display\SSD2119_DSP_Demo_My_BACKUP\ads7843drv.c" DeclLine="29"/>
 <func Header="RD_AD" Icon="3" Type="func" Desc=":   unsigned int" DeclFile="C:\Elektronik\STM32 Stamp (STM32F103RET6)\3.5-inch ILI9320 Display\SSD2119_DSP_Demo_My_BACKUP\ads7843drv.c" DeclLine="48"/>
 <func Header="Read_X" Icon="3" Type="func" Desc=":   long" DeclFile="C:\Elektronik\STM32 Stamp (STM32F103RET6)\3.5-inch ILI9320 Display\SSD2119_DSP_Demo_My_BACKUP\ads7843drv.c" DeclLine="70"/>
 <func Header="TP_Init" Icon="3" Type="func" Desc=":   void" DeclFile="C:\Elektronik\STM32 Stamp (STM32F103RET6)\3.5-inch ILI9320 Display\SSD2119_DSP_Demo_My_BACKUP\ads7843drv.c" DeclLine="13"/>
 <type Header="uint8_t" Icon="1" Type="type" Desc=": unsigned char" DeclFile="c:\program files (x86)\raisonance\ride\arm-gcc\arm-none-eabi\include\stdint.h" DeclLine="46" Pointer="No"/>
 <type Header="int16_t" Icon="1" Type="type" Desc=": int" DeclFile="c:\program files (x86)\raisonance\ride\arm-gcc\arm-none-eabi\include\stdint.h" DeclLine="57" Pointer="No"/>
 <type Header="uint16_t" Icon="1" Type="type" Desc=": unsigned int" DeclFile="c:\program files (x86)\raisonance\ride\arm-gcc\arm-none-eabi\include\stdint.h" DeclLine="58" Pointer="No"/>
 <type Header="uint32_t" Icon="1" Type="type" Desc=": unsigned long" DeclFile="c:\program files (x86)\raisonance\ride\arm-gcc\arm-none-eabi\include\stdint.h" DeclLine="84" Pointer="No"/>
 <type Header="s16" Icon="1" Type="type" Desc=": int" DeclFile="C:\Elektronik\STM32 Stamp (STM32F103RET6)\3.5-inch ILI9320 Display\SSD2119_DSP_Demo_My_BACKUP\stm32f10x.h" DeclLine="313" Pointer="No"/>
 <type Header="u32" Icon="1" Type="type" Desc=": unsigned long" DeclFile="C:\Elektronik\STM32 Stamp (STM32F103RET6)\3.5-inch ILI9320 Display\SSD2119_DSP_Demo_My_BACKUP\stm32f10x.h" DeclLine="328" Pointer="No"/>
 <type Header="u16" Icon="1" Type="type" Desc=": unsigned int" DeclFile="C:\Elektronik\STM32 Stamp (STM32F103RET6)\3.5-inch ILI9320 Display\SSD2119_DSP_Demo_My_BACKUP\stm32f10x.h" DeclLine="329" Pointer="No"/>
 <type Header="u8" Icon="1" Type="type" Desc=": unsigned char" DeclFile="C:\Elektronik\STM32 Stamp (STM32F103RET6)\3.5-inch ILI9320 Display\SSD2119_DSP_Demo_My_BACKUP\stm32f10x.h" DeclLine="330" Pointer="No"/>
 <type Header="ColorTypeDef" Icon="1" Type="type" Desc=": union " DeclFile="C:\Elektronik\STM32 Stamp (STM32F103RET6)\3.5-inch ILI9320 Display\SSD2119_DSP_Demo_My_BACKUP\SSD2119_api.h" DeclLine="8" Pointer="No"/>
 <func Header="Lcd_Line" Icon="3" Type="func" Desc=":   void" DeclFile="C:\Elektronik\STM32 Stamp (STM32F103RET6)\3.5-inch ILI9320 Display\SSD2119_DSP_Demo_My_BACKUP\SSD2119_api.c" DeclLine="72"/>
 <func Header="Lcd_Text" Icon="3" Type="func" Desc=":   void" DeclFile="C:\Elektronik\STM32 Stamp (STM32F103RET6)\3.5-inch ILI9320 Display\SSD2119_DSP_Demo_My_BACKUP\SSD2119_api.c" DeclLine="50"/>
 <type Header="uint8_t" Icon="1" Type="type" Desc=": unsigned char" DeclFile="c:\program files (x86)\raisonance\ride\arm-gcc\arm-none-eabi\include\stdint.h" DeclLine="46" Pointer="No"/>
 <type Header="uint16_t" Icon="1" Type="type" Desc=": unsigned int" DeclFile="c:\program files (x86)\raisonance\ride\arm-gcc\arm-none-eabi\include\stdint.h" DeclLine="58" Pointer="No"/>
 <type Header="uint32_t" Icon="1" Type="type" Desc=": unsigned long" DeclFile="c:\program files (x86)\raisonance\ride\arm-gcc\arm-none-eabi\include\stdint.h" DeclLine="84" Pointer="No"/>
 <type Header="u32" Icon="1" Type="type" Desc=": unsigned long" DeclFile="C:\Elektronik\STM32 Stamp (STM32F103RET6)\3.5-inch ILI9320 Display\SSD2119_DSP_Demo_My_BACKUP\stm32f10x.h" DeclLine="328" Pointer="No"/>
 <type Header="u16" Icon="1" Type="type" Desc=": unsigned int" DeclFile="C:\Elektronik\STM32 Stamp (STM32F103RET6)\3.5-inch ILI9320 Display\SSD2119_DSP_Demo_My_BACKUP\stm32f10x.h" DeclLine="329" Pointer="No"/>
 <type Header="u8" Icon="1" Type="type" Desc=": unsigned char" DeclFile="C:\Elektronik\STM32 Stamp (STM32F103RET6)\3.5-inch ILI9320 Display\SSD2119_DSP_Demo_My_BACKUP\stm32f10x.h" DeclLine="330" Pointer="No"/>
 <type Header="GPIOSpeed_TypeDef" Icon="1" Type="type" Desc=": unsigned char" DeclFile="C:\Elektronik\STM32 Stamp (STM32F103RET6)\3.5-inch ILI9320 Display\SSD2119_DSP_Demo_My_BACKUP\inc\stm32f10x_gpio.h" DeclLine="62" Pointer="No"/>
 <type Header="GPIOMode_TypeDef" Icon="1" Type="type" Desc=": unsigned char" DeclFile="C:\Elektronik\STM32 Stamp (STM32F103RET6)\3.5-inch ILI9320 Display\SSD2119_DSP_Demo_My_BACKUP\inc\stm32f10x_gpio.h" DeclLine="79" Pointer="No"/>
 <type Header="GPIO_InitTypeDef" Icon="1" Type="type" Desc=": struct " DeclFile="C:\Elektronik\STM32 Stamp (STM32F103RET6)\3.5-inch ILI9320 Display\SSD2119_DSP_Demo_My_BACKUP\inc\stm32f10x_gpio.h" DeclLine="100" Pointer="No"/>
 <func Header="Lcd_WriteData" Icon="3" Type="func" Desc=":   void" DeclFile="C:\Elektronik\STM32 Stamp (STM32F103RET6)\3.5-inch ILI9320 Display\SSD2119_DSP_Demo_My_BACKUP\SSD2119.c" DeclLine="798"/>
 <func Header="Lcd_Delay" Icon="3" Type="func" Desc=":   void" DeclFile="C:\Elektronik\STM32 Stamp (STM32F103RET6)\3.5-inch ILI9320 Display\SSD2119_DSP_Demo_My_BACKUP\SSD2119.c" DeclLine="970"/>
 <func Header="Lcd_Reset" Icon="3" Type="func" Desc=":   void" DeclFile="C:\Elektronik\STM32 Stamp (STM32F103RET6)\3.5-inch ILI9320 Display\SSD2119_DSP_Demo_My_BACKUP\SSD2119.c" DeclLine="924"/>
 <func Header="Lcd_WriteReg" Icon="3" Type="func" Desc=":   void" DeclFile="C:\Elektronik\STM32 Stamp (STM32F103RET6)\3.5-inch ILI9320 Display\SSD2119_DSP_Demo_My_BACKUP\SSD2119.c" DeclLine="0"/>
 <func Header="Lcd_Configuration" Icon="3" Type="func" Desc=":   void" DeclFile="C:\Elektronik\STM32 Stamp (STM32F103RET6)\3.5-inch ILI9320 Display\SSD2119_DSP_Demo_My_BACKUP\SSD2119.c" DeclLine="11"/>
 <func Header="Lcd_SetPoint" Icon="3" Type="func" Desc=":   void" DeclFile="C:\Elektronik\STM32 Stamp (STM32F103RET6)\3.5-inch ILI9320 Display\SSD2119_DSP_Demo_My_BACKUP\SSD2119.c" DeclLine="584"/>
 <func Header="Lcd_PutChar" Icon="3" Type="func" Desc=":   void" DeclFile="C:\Elektronik\STM32 Stamp (STM32F103RET6)\3.5-inch ILI9320 Display\SSD2119_DSP_Demo_My_BACKUP\SSD2119.c" DeclLine="639"/>
 <func Header="Lcd_Initializtion" Icon="3" Type="func" Desc=":   void" DeclFile="C:\Elektronik\STM32 Stamp (STM32F103RET6)\3.5-inch ILI9320 Display\SSD2119_DSP_Demo_My_BACKUP\SSD2119.c" DeclLine="42"/>
 <func Header="Lcd_Clear" Icon="3" Type="func" Desc=":   void" DeclFile="C:\Elektronik\STM32 Stamp (STM32F103RET6)\3.5-inch ILI9320 Display\SSD2119_DSP_Demo_My_BACKUP\SSD2119.c" DeclLine="521"/>
 <variable Header="ascii_8x16" Icon="2" Type="variable" Desc=":   unsigned char[1536]" DeclFile="C:\Elektronik\STM32 Stamp (STM32F103RET6)\3.5-inch ILI9320 Display\SSD2119_DSP_Demo_My_BACKUP\SSD2119_font.h" DeclLine="4" Pointer="No"/>
 <variable Header="DeviceCode" Icon="2" Type="variable" Desc=":   unsigned int" DeclFile="C:\Elektronik\STM32 Stamp (STM32F103RET6)\3.5-inch ILI9320 Display\SSD2119_DSP_Demo_My_BACKUP\SSD2119.c" DeclLine="6" Pointer="No"/>
 <type Header="uint16_t" Icon="1" Type="type" Desc=": unsigned int" DeclFile="c:\program files (x86)\raisonance\ride\arm-gcc\arm-none-eabi\include\stdint.h" DeclLine="58" Pointer="No"/>
 <type Header="uint32_t" Icon="1" Type="type" Desc=": unsigned long" DeclFile="c:\program files (x86)\raisonance\ride\arm-gcc\arm-none-eabi\include\stdint.h" DeclLine="84" Pointer="No"/>
 <type Header="u32" Icon="1" Type="type" Desc=": unsigned long" DeclFile="C:\Elektronik\STM32 Stamp (STM32F103RET6)\3.5-inch ILI9320 Display\SSD2119_DSP_Demo_My_BACKUP\stm32f10x.h" DeclLine="328" Pointer="No"/>
 <type Header="u16" Icon="1" Type="type" Desc=": unsigned int" DeclFile="C:\Elektronik\STM32 Stamp (STM32F103RET6)\3.5-inch ILI9320 Display\SSD2119_DSP_Demo_My_BACKUP\stm32f10x.h" DeclLine="329" Pointer="No"/>
 <variable Header="fft_output" Icon="2" Type="variable" Desc=":   unsigned long[256]" DeclFile="C:\Elektronik\STM32 Stamp (STM32F103RET6)\3.5-inch ILI9320 Display\SSD2119_DSP_Demo_My_BACKUP\fft.c" DeclLine="9" Pointer="No"/>
 <type Header="uint16_t" Icon="1" Type="type" Desc=": unsigned int" DeclFile="c:\program files (x86)\raisonance\ride\arm-gcc\arm-none-eabi\include\stdint.h" DeclLine="58" Pointer="No"/>
 <variable Header="PrevError" Icon="2" Type="variable" Desc=":   unsigned int" DeclFile="C:\Elektronik\STM32 Stamp (STM32F103RET6)\3.5-inch ILI9320 Display\SSD2119_DSP_Demo_My_BACKUP\inc\PID_C_stm32.c" DeclLine="36" Pointer="No"/>
 <variable Header="IntTerm" Icon="2" Type="variable" Desc=":   unsigned int" DeclFile="C:\Elektronik\STM32 Stamp (STM32F103RET6)\3.5-inch ILI9320 Display\SSD2119_DSP_Demo_My_BACKUP\inc\PID_C_stm32.c" DeclLine="36" Pointer="No"/>
 <variable Header="PrevError_C" Icon="2" Type="variable" Desc=":   unsigned int" DeclFile="C:\Elektronik\STM32 Stamp (STM32F103RET6)\3.5-inch ILI9320 Display\SSD2119_DSP_Demo_My_BACKUP\inc\PID_C_stm32.c" DeclLine="37" Pointer="No"/>
 <variable Header="IntTerm_C" Icon="2" Type="variable" Desc=":   unsigned int" DeclFile="C:\Elektronik\STM32 Stamp (STM32F103RET6)\3.5-inch ILI9320 Display\SSD2119_DSP_Demo_My_BACKUP\inc\PID_C_stm32.c" DeclLine="37" Pointer="No"/>
 <type Header="int16_t" Icon="1" Type="type" Desc=": int" DeclFile="c:\program files (x86)\raisonance\ride\arm-gcc\arm-none-eabi\include\stdint.h" DeclLine="57" Pointer="No"/>
 <type Header="uint16_t" Icon="1" Type="type" Desc=": unsigned int" DeclFile="c:\program files (x86)\raisonance\ride\arm-gcc\arm-none-eabi\include\stdint.h" DeclLine="58" Pointer="No"/>
 <type Header="uint32_t" Icon="1" Type="type" Desc=": unsigned long" DeclFile="c:\program files (x86)\raisonance\ride\arm-gcc\arm-none-eabi\include\stdint.h" DeclLine="84" Pointer="No"/>
</aoffile>

